MANDT,MATNR,BWKEY,BWTAR,LVORM,LBKUM,SALK3,VPRSV,VERPR,STPRS,PEINH,BKLAS,SALKV,VMKUM,VMSAL,VMVPR,VMVER,VMSTP,VMPEI,VMBKL,VMSAV,VJKUM,VJSAL,VJVPR,VJVER,VJSTP,VJPEI,VJBKL,VJSAV,LFGJA,LFMON,BWTTY,STPRV,LAEPR,ZKPRS,ZKDAT,BWPRS,BWPRH,VJBWS,VJBWH,VVJSL,VVJLB,VVMLB,VVSAL,ZPLPR,ZPLP1,ZPLP2,ZPLP3,ZPLD1,ZPLD2,ZPLD3,PPERZ,PPERL,PPERV,KALKZ,KALKL,KALKV,KALSC,XLIFO,MYPOL,BWPH1,BWPS1,ABWKZ,PSTAT,KALN1,KALNR,BWVA1,BWVA2,BWVA3,VERS1,VERS2,VERS3,HRKFT,KOSGR,PPRDZ,PPRDL,PPRDV,PDATZ,PDATL,PDATV,EKALR,VPLPR,MLMAA,MLAST,LPLPR,VKSAL,HKMAT,SPERW,KZIWL,WLINL,ABCIW,BWSPA,LPLPX,VPLPX,FPLPX,LBWST,VBWST,FBWST,EKLAS,QKLAS,MTUSE,MTORG,OWNPR,XBEWM,BWPEI,MBRUE,OKLAS,OIPPINV,MATNR_CLEAN,sur_pkey,SOURCE_SYSTEM_ERP
ad57366865126e55649ecb23ae1d48887544976efea46a48eb5d85a6eeb4d306,9729c4a9e9f0f13453dc97c4298183af7a88b3e890a56d8adcfff880441c934d,ae5ee4e475c9ed4edeadf6f223874cdba0de2820c52d577931d417edcca0c802,,,194.90387993009688,40.84570378552682,8de0b3c47f112c59745f717a626932264c422a7563954872e237b223af4ad643,280.5449100683837,237.40419304438745,188.36248642388318,7199a648b588394f21deed6d6c87a8a9ced37ec2856f643104acc033cb66791d,104.17820478567458,197.44363366216723,253.93755886548246,8de0b3c47f112c59745f717a626932264c422a7563954872e237b223af4ad643,301.821883185642,427.9197205647459,437.23382605502917,7199a648b588394f21deed6d6c87a8a9ced37ec2856f643104acc033cb66791d,172.01873304565572,193.85874033048984,183.080352833974,8de0b3c47f112c59745f717a626932264c422a7563954872e237b223af4ad643,387.93769967337323,310.7694476993277,414.8185666386877,7199a648b588394f21deed6d6c87a8a9ced37ec2856f643104acc033cb66791d,124.1652161392257,1bea20e1df19b12013976de2b5e0e3d1fb4ba088b59fe53642c324298b21ffd9,6b86b273ff34fce19d6b804eff5a3f5747ada4eaa22f1d49c01e52ddb7875b4b,,232.45160091306153,2021-04-10,468.5922053028093,,333.4413754694882,389.73192967718364,64.27043580609131,447.78414549487775,104.24559335592626,365.42667032731754,23.729464230632825,270.60920992613404,393.78193196824714,320.6916720558819,252.07987932842153,252.20143251690902,,,,5feceb66ffc86f38d952786c6d696c79c2dbc239dd4e91b46729d73a27fb57e9,5feceb66ffc86f38d952786c6d696c79c2dbc239dd4e91b46729d73a27fb57e9,5feceb66ffc86f38d952786c6d696c79c2dbc239dd4e91b46729d73a27fb57e9,,4b68ab3847feda7d6c62c1fbcbeebfa35eab7351ed5e78f4ddadea5df64b8015,4b68ab3847feda7d6c62c1fbcbeebfa35eab7351ed5e78f4ddadea5df64b8015,,,,202.4484825455833,474.2435656085281,5feceb66ffc86f38d952786c6d696c79c2dbc239dd4e91b46729d73a27fb57e9,736b57465bc098745b079bbf59b7645dc4548bc5e23e4805c92fa6a35eb0e3a9,1050a312a36dea45d455f60a1b1a2e88f71e9a79490ddae8137f6e34059ed70a,8efeb948e163f5b053235b1be1f629adf8029e020cd6636166be358be762548d,,7a3e6b16cb75f48fb897eff3ae732f3154f6d203b53f33660f01b4c3b6bc2df9,7a3e6b16cb75f48fb897eff3ae732f3154f6d203b53f33660f01b4c3b6bc2df9,5feceb66ffc86f38d952786c6d696c79c2dbc239dd4e91b46729d73a27fb57e9,6b86b273ff34fce19d6b804eff5a3f5747ada4eaa22f1d49c01e52ddb7875b4b,6b86b273ff34fce19d6b804eff5a3f5747ada4eaa22f1d49c01e52ddb7875b4b,30399dff5673cec1f26ed06c96432173d54b9ea73493f39a853099f9006aecbf,a7d5b8b9daab68d5f7791f5bc2e47919bd12b4fff74fe5ebf323a1a09d325b73,5feceb66ffc86f38d952786c6d696c79c2dbc239dd4e91b46729d73a27fb57e9,6b86b273ff34fce19d6b804eff5a3f5747ada4eaa22f1d49c01e52ddb7875b4b,6b86b273ff34fce19d6b804eff5a3f5747ada4eaa22f1d49c01e52ddb7875b4b,5feceb66ffc86f38d952786c6d696c79c2dbc239dd4e91b46729d73a27fb57e9,1bea20e1df19b12013976de2b5e0e3d1fb4ba088b59fe53642c324298b21ffd9,73a2af8864fc500fa49048bf3003776c19938f360e56bd03663866fb3087884a,4b68ab3847feda7d6c62c1fbcbeebfa35eab7351ed5e78f4ddadea5df64b8015,399.2954154723602,,,441.44455980414904,457.0227514460318,4b68ab3847feda7d6c62c1fbcbeebfa35eab7351ed5e78f4ddadea5df64b8015,,,,,384.48783691665693,498.33088385160295,387.4827779632759,365.1173407572795,,,,,,,,,,388.54282455453074,,,,9729c4a9e9f0f13453dc97c4298183af7a88b3e890a56d8adcfff880441c934d,a5328d45d2c584051dbbb7fe195b2e6177b77e094ee3ef6ee7f7a67218088de6,abe464ff6d208dc29d603390b9992bcccb9b06e57c94eb07ce579966fd0608e1
ad57366865126e55649ecb23ae1d48887544976efea46a48eb5d85a6eeb4d306,774fecb2b770a8c768ed5e18e45ccda9774da972068ade1684af473ab053b232,ae5ee4e475c9ed4edeadf6f223874cdba0de2820c52d577931d417edcca0c802,,,481.91607733194746,15.322049516710901,8de0b3c47f112c59745f717a626932264c422a7563954872e237b223af4ad643,826.3985481077865,1772.770457845532,506.8622248738451,e4d8e2c97976e3e0ddeae407fd54987f0b4f8d6792284742b51399a078765319,342.37042671616695,213.5718058314946,116.12705110815868,8de0b3c47f112c59745f717a626932264c422a7563954872e237b223af4ad643,813.6474995320705,1706.1079840609082,209.18438298605338,e4d8e2c97976e3e0ddeae407fd54987f0b4f8d6792284742b51399a078765319,179.58771867372803,293.40250686835265,425.42719994331776,8de0b3c47f112c59745f717a626932264c422a7563954872e237b223af4ad643,945.056968731112,1651.6922886942662,136.4047751397406,e4d8e2c97976e3e0ddeae407fd54987f0b4f8d6792284742b51399a078765319,121.61412987229298,1bea20e1df19b12013976de2b5e0e3d1fb4ba088b59fe53642c324298b21ffd9,6b86b273ff34fce19d6b804eff5a3f5747ada4eaa22f1d49c01e52ddb7875b4b,,1812.3925087153125,2021-03-02,69.21835959459194,,235.52372628263507,476.88961238237135,156.40823042403272,351.45748619017047,465.9978014345861,460.00907908482594,137.75376227957858,405.9990044453155,297.08266494033785,210.52393543741184,330.4297716812053,479.27817158369555,,,,5feceb66ffc86f38d952786c6d696c79c2dbc239dd4e91b46729d73a27fb57e9,5feceb66ffc86f38d952786c6d696c79c2dbc239dd4e91b46729d73a27fb57e9,5feceb66ffc86f38d952786c6d696c79c2dbc239dd4e91b46729d73a27fb57e9,,4b68ab3847feda7d6c62c1fbcbeebfa35eab7351ed5e78f4ddadea5df64b8015,4b68ab3847feda7d6c62c1fbcbeebfa35eab7351ed5e78f4ddadea5df64b8015,,,,325.38592719196873,343.45198277057926,5feceb66ffc86f38d952786c6d696c79c2dbc239dd4e91b46729d73a27fb57e9,736b57465bc098745b079bbf59b7645dc4548bc5e23e4805c92fa6a35eb0e3a9,31fb9dc4f5f762c81bcab3ea0ac277b1af23631d2a429a37b24227647b20ba1f,b58fc5ae482968df5d11fd0973fe77666708f5bb33c8a43dd5d592ee5a469d8f,,7a3e6b16cb75f48fb897eff3ae732f3154f6d203b53f33660f01b4c3b6bc2df9,7a3e6b16cb75f48fb897eff3ae732f3154f6d203b53f33660f01b4c3b6bc2df9,5feceb66ffc86f38d952786c6d696c79c2dbc239dd4e91b46729d73a27fb57e9,6b86b273ff34fce19d6b804eff5a3f5747ada4eaa22f1d49c01e52ddb7875b4b,6b86b273ff34fce19d6b804eff5a3f5747ada4eaa22f1d49c01e52ddb7875b4b,30399dff5673cec1f26ed06c96432173d54b9ea73493f39a853099f9006aecbf,a7d5b8b9daab68d5f7791f5bc2e47919bd12b4fff74fe5ebf323a1a09d325b73,5feceb66ffc86f38d952786c6d696c79c2dbc239dd4e91b46729d73a27fb57e9,6b86b273ff34fce19d6b804eff5a3f5747ada4eaa22f1d49c01e52ddb7875b4b,6b86b273ff34fce19d6b804eff5a3f5747ada4eaa22f1d49c01e52ddb7875b4b,5feceb66ffc86f38d952786c6d696c79c2dbc239dd4e91b46729d73a27fb57e9,1bea20e1df19b12013976de2b5e0e3d1fb4ba088b59fe53642c324298b21ffd9,73a2af8864fc500fa49048bf3003776c19938f360e56bd03663866fb3087884a,4b68ab3847feda7d6c62c1fbcbeebfa35eab7351ed5e78f4ddadea5df64b8015,1763.3954734210042,,,1733.4477030249889,265.17769003939037,4b68ab3847feda7d6c62c1fbcbeebfa35eab7351ed5e78f4ddadea5df64b8015,,,,,377.5573243144603,173.81361330865235,301.17958266282125,440.552055173899,,,,,,,,,,288.1618061362779,,,,774fecb2b770a8c768ed5e18e45ccda9774da972068ade1684af473ab053b232,5e1bc10bafffaa9bed41fb005b7c642cc4424ae61cf59c311d358c30707f7c53,abe464ff6d208dc29d603390b9992bcccb9b06e57c94eb07ce579966fd0608e1
ad57366865126e55649ecb23ae1d48887544976efea46a48eb5d85a6eeb4d306,908d2831d769fc7a24550e080ae2cb7b7ed6fbb4b659383712c397dc4b61cacb,ae5ee4e475c9ed4edeadf6f223874cdba0de2820c52d577931d417edcca0c802,,,27.041898299572598,104.62913871706137,8de0b3c47f112c59745f717a626932264c422a7563954872e237b223af4ad643,453.71398249130266,572.2486755732041,1419.4536282646209,4c36c775b818b891dca3ff4671f709de87ed56fdc9e0893846f27dd0bd0ecc9a,444.02501893551596,391.7865299488157,195.32337967453822,8de0b3c47f112c59745f717a626932264c422a7563954872e237b223af4ad643,277.2905827710566,404.56001192924157,1473.2876858244958,4c36c775b818b891dca3ff4671f709de87ed56fdc9e0893846f27dd0bd0ecc9a,248.8741418522618,14.725792078349286,45.48892128849552,8de0b3c47f112c59745f717a626932264c422a7563954872e237b223af4ad643,364.1255905345357,639.8154647728982,1246.9271121833424,4c36c775b818b891dca3ff4671f709de87ed56fdc9e0893846f27dd0bd0ecc9a,361.3489811958998,1bea20e1df19b12013976de2b5e0e3d1fb4ba088b59fe53642c324298b21ffd9,6b86b273ff34fce19d6b804eff5a3f5747ada4eaa22f1d49c01e52ddb7875b4b,,714.2374794380605,2021-06-15,426.05091874303713,,470.6000463615918,337.91536169779647,352.31454306460864,71.04772507174229,430.9781048822746,382.57323643893807,195.79162454022247,17.886822776320642,335.64030296875563,280.68920022190025,2.1609699567591845,499.7071800614637,,,,5feceb66ffc86f38d952786c6d696c79c2dbc239dd4e91b46729d73a27fb57e9,5feceb66ffc86f38d952786c6d696c79c2dbc239dd4e91b46729d73a27fb57e9,5feceb66ffc86f38d952786c6d696c79c2dbc239dd4e91b46729d73a27fb57e9,,4b68ab3847feda7d6c62c1fbcbeebfa35eab7351ed5e78f4ddadea5df64b8015,4b68ab3847feda7d6c62c1fbcbeebfa35eab7351ed5e78f4ddadea5df64b8015,,,,421.16244327215435,353.0910097846682,5feceb66ffc86f38d952786c6d696c79c2dbc239dd4e91b46729d73a27fb57e9,736b57465bc098745b079bbf59b7645dc4548bc5e23e4805c92fa6a35eb0e3a9,9834b0309c5246ca6d263e4f3b41026fb167239f0d2e4663fa1dd4a74612cb78,9b338a12aa9425fd993a11378d1cda61d3dc7102f8b7e593d8128dcbfedbc4cb,,7a3e6b16cb75f48fb897eff3ae732f3154f6d203b53f33660f01b4c3b6bc2df9,7a3e6b16cb75f48fb897eff3ae732f3154f6d203b53f33660f01b4c3b6bc2df9,5feceb66ffc86f38d952786c6d696c79c2dbc239dd4e91b46729d73a27fb57e9,6b86b273ff34fce19d6b804eff5a3f5747ada4eaa22f1d49c01e52ddb7875b4b,6b86b273ff34fce19d6b804eff5a3f5747ada4eaa22f1d49c01e52ddb7875b4b,30399dff5673cec1f26ed06c96432173d54b9ea73493f39a853099f9006aecbf,a7d5b8b9daab68d5f7791f5bc2e47919bd12b4fff74fe5ebf323a1a09d325b73,5feceb66ffc86f38d952786c6d696c79c2dbc239dd4e91b46729d73a27fb57e9,6b86b273ff34fce19d6b804eff5a3f5747ada4eaa22f1d49c01e52ddb7875b4b,6b86b273ff34fce19d6b804eff5a3f5747ada4eaa22f1d49c01e52ddb7875b4b,5feceb66ffc86f38d952786c6d696c79c2dbc239dd4e91b46729d73a27fb57e9,1bea20e1df19b12013976de2b5e0e3d1fb4ba088b59fe53642c324298b21ffd9,73a2af8864fc500fa49048bf3003776c19938f360e56bd03663866fb3087884a,4b68ab3847feda7d6c62c1fbcbeebfa35eab7351ed5e78f4ddadea5df64b8015,406.4957020092475,,,580.9507710233871,238.54388546927436,4b68ab3847feda7d6c62c1fbcbeebfa35eab7351ed5e78f4ddadea5df64b8015,,,,,205.24315558310303,126.08360699293169,368.07817997927134,490.06837922261025,,,,,,,,,,460.5258435089655,,,,908d2831d769fc7a24550e080ae2cb7b7ed6fbb4b659383712c397dc4b61cacb,9115607fa491669cebe4dce0d3f7f6051b74ed04874f2dbd435c49622e56a6db,abe464ff6d208dc29d603390b9992bcccb9b06e57c94eb07ce579966fd0608e1
ad57366865126e55649ecb23ae1d48887544976efea46a48eb5d85a6eeb4d306,e54330537af86b38be9ccc391b60e583c9c69161259c9f339998e307f52ecb94,ae5ee4e475c9ed4edeadf6f223874cdba0de2820c52d577931d417edcca0c802,,,134.1370229423738,137.84397569114986,8de0b3c47f112c59745f717a626932264c422a7563954872e237b223af4ad643,2569.720922521073,4845.735910875977,349.47485078903674,e4d8e2c97976e3e0ddeae407fd54987f0b4f8d6792284742b51399a078765319,12.408414293668013,114.72863967787555,353.29311421316254,8de0b3c47f112c59745f717a626932264c422a7563954872e237b223af4ad643,446.478744052006,2774.8672311128157,449.84183694803164,e4d8e2c97976e3e0ddeae407fd54987f0b4f8d6792284742b51399a078765319,125.89519212599836,66.76330947634534,57.98982649152457,8de0b3c47f112c59745f717a626932264c422a7563954872e237b223af4ad643,229.35238451032424,2946.6792193979204,286.0758510054506,e4d8e2c97976e3e0ddeae407fd54987f0b4f8d6792284742b51399a078765319,329.42140590353205,6557739a67283a8de383fc5c0997fbec7c5721a46f28f3235fc9607598d9016b,6b86b273ff34fce19d6b804eff5a3f5747ada4eaa22f1d49c01e52ddb7875b4b,,4980.032808586185,2023-11-14,299.689086227904,,44.535943743603426,323.61448435975564,309.2474007768154,280.46502626212794,272.7645913983177,208.59379209431629,30.538696754537575,402.34865091678665,147.92192585088753,82.58234910229633,361.479051723599,279.9846768502529,,,,5feceb66ffc86f38d952786c6d696c79c2dbc239dd4e91b46729d73a27fb57e9,5feceb66ffc86f38d952786c6d696c79c2dbc239dd4e91b46729d73a27fb57e9,5feceb66ffc86f38d952786c6d696c79c2dbc239dd4e91b46729d73a27fb57e9,,4b68ab3847feda7d6c62c1fbcbeebfa35eab7351ed5e78f4ddadea5df64b8015,4b68ab3847feda7d6c62c1fbcbeebfa35eab7351ed5e78f4ddadea5df64b8015,,,,35.96888545270593,300.5902879143189,5feceb66ffc86f38d952786c6d696c79c2dbc239dd4e91b46729d73a27fb57e9,736b57465bc098745b079bbf59b7645dc4548bc5e23e4805c92fa6a35eb0e3a9,170046df17160bd8b67807ad803e984574d9e16b75919c517d8316080bd55a65,4ab3297f0725ce95f51c5854d5f56e484721ba924f78ed4b17d3c05061981863,,7a3e6b16cb75f48fb897eff3ae732f3154f6d203b53f33660f01b4c3b6bc2df9,7a3e6b16cb75f48fb897eff3ae732f3154f6d203b53f33660f01b4c3b6bc2df9,5feceb66ffc86f38d952786c6d696c79c2dbc239dd4e91b46729d73a27fb57e9,6b86b273ff34fce19d6b804eff5a3f5747ada4eaa22f1d49c01e52ddb7875b4b,6b86b273ff34fce19d6b804eff5a3f5747ada4eaa22f1d49c01e52ddb7875b4b,30399dff5673cec1f26ed06c96432173d54b9ea73493f39a853099f9006aecbf,a7d5b8b9daab68d5f7791f5bc2e47919bd12b4fff74fe5ebf323a1a09d325b73,5feceb66ffc86f38d952786c6d696c79c2dbc239dd4e91b46729d73a27fb57e9,6b86b273ff34fce19d6b804eff5a3f5747ada4eaa22f1d49c01e52ddb7875b4b,6b86b273ff34fce19d6b804eff5a3f5747ada4eaa22f1d49c01e52ddb7875b4b,5feceb66ffc86f38d952786c6d696c79c2dbc239dd4e91b46729d73a27fb57e9,6557739a67283a8de383fc5c0997fbec7c5721a46f28f3235fc9607598d9016b,d398b29d3dbbb9bf201d4c7e1c19ff9d43c15fd45a0cec46fbe9885ec3f6e97f,4b68ab3847feda7d6c62c1fbcbeebfa35eab7351ed5e78f4ddadea5df64b8015,4692.399328701168,,,5032.528860479986,380.73162016193186,4b68ab3847feda7d6c62c1fbcbeebfa35eab7351ed5e78f4ddadea5df64b8015,,,,,471.86252508191336,136.05964685425735,361.32050163071875,201.4863503759145,,,,,,,,,,351.14616722273576,,,,e54330537af86b38be9ccc391b60e583c9c69161259c9f339998e307f52ecb94,d4fbf8f5bc4769ef11824ec3b6bb9a5e542bb044f53489528e712bc494654b9d,abe464ff6d208dc29d603390b9992bcccb9b06e57c94eb07ce579966fd0608e1
ad57366865126e55649ecb23ae1d48887544976efea46a48eb5d85a6eeb4d306,b0b99f39c1212ed23f94b59cb05fd0a17aec8801182e7156780dda64e6e306bb,ae5ee4e475c9ed4edeadf6f223874cdba0de2820c52d577931d417edcca0c802,,,99.4210810095148,325.3241699870805,8de0b3c47f112c59745f717a626932264c422a7563954872e237b223af4ad643,3920.302252149531,7059.489910356736,525.4900330080641,e4d8e2c97976e3e0ddeae407fd54987f0b4f8d6792284742b51399a078765319,405.4571414520006,362.5820224239725,361.648714337017,8de0b3c47f112c59745f717a626932264c422a7563954872e237b223af4ad643,160.4701054143749,3768.753510993861,104.66684326714318,e4d8e2c97976e3e0ddeae407fd54987f0b4f8d6792284742b51399a078765319,255.29826391129234,26.03622564342717,315.4318210652758,8de0b3c47f112c59745f717a626932264c422a7563954872e237b223af4ad643,469.2698389135873,3937.152098574624,443.6058475385233,e4d8e2c97976e3e0ddeae407fd54987f0b4f8d6792284742b51399a078765319,98.04595681473639,6557739a67283a8de383fc5c0997fbec7c5721a46f28f3235fc9607598d9016b,6b86b273ff34fce19d6b804eff5a3f5747ada4eaa22f1d49c01e52ddb7875b4b,,6221.722755110041,2023-11-17,252.52223931677048,,498.48846660329366,54.33036483082127,150.32602632273856,221.34868798213319,31.071030053618497,209.66205093097955,174.09415452975708,481.68656172537027,425.731813925457,321.31671523013546,435.2920099322936,152.7445863110976,,,,5feceb66ffc86f38d952786c6d696c79c2dbc239dd4e91b46729d73a27fb57e9,5feceb66ffc86f38d952786c6d696c79c2dbc239dd4e91b46729d73a27fb57e9,5feceb66ffc86f38d952786c6d696c79c2dbc239dd4e91b46729d73a27fb57e9,,4b68ab3847feda7d6c62c1fbcbeebfa35eab7351ed5e78f4ddadea5df64b8015,4b68ab3847feda7d6c62c1fbcbeebfa35eab7351ed5e78f4ddadea5df64b8015,,,,467.43217348401964,143.5767989873145,5feceb66ffc86f38d952786c6d696c79c2dbc239dd4e91b46729d73a27fb57e9,736b57465bc098745b079bbf59b7645dc4548bc5e23e4805c92fa6a35eb0e3a9,6b00226b934a79d44357d30a9777ebb5fd836059c388ff4c8dd63b353938382a,e4d3974ceec8182575dc7a03b22c9005a15bfce188e057d70a978bad8cabd772,,7a3e6b16cb75f48fb897eff3ae732f3154f6d203b53f33660f01b4c3b6bc2df9,7a3e6b16cb75f48fb897eff3ae732f3154f6d203b53f33660f01b4c3b6bc2df9,5feceb66ffc86f38d952786c6d696c79c2dbc239dd4e91b46729d73a27fb57e9,6b86b273ff34fce19d6b804eff5a3f5747ada4eaa22f1d49c01e52ddb7875b4b,6b86b273ff34fce19d6b804eff5a3f5747ada4eaa22f1d49c01e52ddb7875b4b,30399dff5673cec1f26ed06c96432173d54b9ea73493f39a853099f9006aecbf,a7d5b8b9daab68d5f7791f5bc2e47919bd12b4fff74fe5ebf323a1a09d325b73,5feceb66ffc86f38d952786c6d696c79c2dbc239dd4e91b46729d73a27fb57e9,6b86b273ff34fce19d6b804eff5a3f5747ada4eaa22f1d49c01e52ddb7875b4b,6b86b273ff34fce19d6b804eff5a3f5747ada4eaa22f1d49c01e52ddb7875b4b,5feceb66ffc86f38d952786c6d696c79c2dbc239dd4e91b46729d73a27fb57e9,6557739a67283a8de383fc5c0997fbec7c5721a46f28f3235fc9607598d9016b,d398b29d3dbbb9bf201d4c7e1c19ff9d43c15fd45a0cec46fbe9885ec3f6e97f,4b68ab3847feda7d6c62c1fbcbeebfa35eab7351ed5e78f4ddadea5df64b8015,6188.0084513313195,,,7164.449260776599,266.7462398345074,4b68ab3847feda7d6c62c1fbcbeebfa35eab7351ed5e78f4ddadea5df64b8015,,,,,70.35114976651197,333.48778817477347,156.7907832755907,159.83332853463185,,,,,,,,,,41.26048792946324,,,,b0b99f39c1212ed23f94b59cb05fd0a17aec8801182e7156780dda64e6e306bb,c0b3ecffffcdd9d2a5575e463750989bece88f231374dbcc1374dfee57db08d5,abe464ff6d208dc29d603390b9992bcccb9b06e57c94eb07ce579966fd0608e1
ad57366865126e55649ecb23ae1d48887544976efea46a48eb5d85a6eeb4d306,e54330537af86b38be9ccc391b60e583c9c69161259c9f339998e307f52ecb94,b9ffe9007a4cd971a305ac35efd97a6ae76193c62a33b9f49f704113caedaad6,,,188.15384851461374,381.1889955913881,8de0b3c47f112c59745f717a626932264c422a7563954872e237b223af4ad643,4729.77503399838,4616.200060046314,538.7985591026113,e4d8e2c97976e3e0ddeae407fd54987f0b4f8d6792284742b51399a078765319,391.5979674626176,281.40911474565905,115.1095712883668,8de0b3c47f112c59745f717a626932264c422a7563954872e237b223af4ad643,494.80875501008006,2735.566430526667,514.9674766927899,e4d8e2c97976e3e0ddeae407fd54987f0b4f8d6792284742b51399a078765319,386.7067442952235,434.0549530184723,400.2841221615652,8de0b3c47f112c59745f717a626932264c422a7563954872e237b223af4ad643,42.765632400175335,2531.1543388264495,485.58490943348033,e4d8e2c97976e3e0ddeae407fd54987f0b4f8d6792284742b51399a078765319,95.89256072521013,6557739a67283a8de383fc5c0997fbec7c5721a46f28f3235fc9607598d9016b,4a44dc15364204a80fe80e9039455cc1608281820fe2b24f1e5233ade6af1dd5,,5011.149816584852,2023-12-04,224.6697473079517,,19.56552056213978,329.793808644539,387.98504636641843,467.0155928748798,433.3612138042285,427.54956394025305,38.49691948368711,455.8941179839514,441.33171706977123,150.33423563374825,97.49416353091544,361.9832444772579,,,,5feceb66ffc86f38d952786c6d696c79c2dbc239dd4e91b46729d73a27fb57e9,5feceb66ffc86f38d952786c6d696c79c2dbc239dd4e91b46729d73a27fb57e9,5feceb66ffc86f38d952786c6d696c79c2dbc239dd4e91b46729d73a27fb57e9,,4b68ab3847feda7d6c62c1fbcbeebfa35eab7351ed5e78f4ddadea5df64b8015,4b68ab3847feda7d6c62c1fbcbeebfa35eab7351ed5e78f4ddadea5df64b8015,,,,213.49254166531972,474.4746309141031,5feceb66ffc86f38d952786c6d696c79c2dbc239dd4e91b46729d73a27fb57e9,736b57465bc098745b079bbf59b7645dc4548bc5e23e4805c92fa6a35eb0e3a9,570b04cf51f5e40cbe7a001799d31ac8856121bf34ffa3cf812d39b98d4fa7df,b4c4a3ed69bccb9f6d2bfb1929030db795ac704495ad7e9847a20644180294a3,,7a3e6b16cb75f48fb897eff3ae732f3154f6d203b53f33660f01b4c3b6bc2df9,7a3e6b16cb75f48fb897eff3ae732f3154f6d203b53f33660f01b4c3b6bc2df9,5feceb66ffc86f38d952786c6d696c79c2dbc239dd4e91b46729d73a27fb57e9,6b86b273ff34fce19d6b804eff5a3f5747ada4eaa22f1d49c01e52ddb7875b4b,6b86b273ff34fce19d6b804eff5a3f5747ada4eaa22f1d49c01e52ddb7875b4b,30399dff5673cec1f26ed06c96432173d54b9ea73493f39a853099f9006aecbf,,5feceb66ffc86f38d952786c6d696c79c2dbc239dd4e91b46729d73a27fb57e9,6b86b273ff34fce19d6b804eff5a3f5747ada4eaa22f1d49c01e52ddb7875b4b,6b86b273ff34fce19d6b804eff5a3f5747ada4eaa22f1d49c01e52ddb7875b4b,5feceb66ffc86f38d952786c6d696c79c2dbc239dd4e91b46729d73a27fb57e9,6557739a67283a8de383fc5c0997fbec7c5721a46f28f3235fc9607598d9016b,d398b29d3dbbb9bf201d4c7e1c19ff9d43c15fd45a0cec46fbe9885ec3f6e97f,4b68ab3847feda7d6c62c1fbcbeebfa35eab7351ed5e78f4ddadea5df64b8015,5060.573188230198,,,4755.210552464914,249.85321472728955,4b68ab3847feda7d6c62c1fbcbeebfa35eab7351ed5e78f4ddadea5df64b8015,,,,,166.86685575542725,481.1592831132241,459.4483533752344,83.42134070008423,,,,,,,,,,72.69004957373775,,,,e54330537af86b38be9ccc391b60e583c9c69161259c9f339998e307f52ecb94,12b25cf3ac756295af96f4f05f292a1ec957f73c68db1aa872ddbd50f9fb994f,abe464ff6d208dc29d603390b9992bcccb9b06e57c94eb07ce579966fd0608e1
ad57366865126e55649ecb23ae1d48887544976efea46a48eb5d85a6eeb4d306,9729c4a9e9f0f13453dc97c4298183af7a88b3e890a56d8adcfff880441c934d,b9ffe9007a4cd971a305ac35efd97a6ae76193c62a33b9f49f704113caedaad6,,,327.05581879362325,482.39754850416483,8de0b3c47f112c59745f717a626932264c422a7563954872e237b223af4ad643,70.43815463594143,298.3476632017405,558.0152963090587,7199a648b588394f21deed6d6c87a8a9ced37ec2856f643104acc033cb66791d,71.05052246049726,475.93129956910593,234.08808573547256,8de0b3c47f112c59745f717a626932264c422a7563954872e237b223af4ad643,14.232035342828453,143.86184928385507,405.79437025266566,7199a648b588394f21deed6d6c87a8a9ced37ec2856f643104acc033cb66791d,264.0387140323819,156.09943401556197,266.4503799733527,8de0b3c47f112c59745f717a626932264c422a7563954872e237b223af4ad643,178.59720150185075,160.85258713524584,311.28317882899006,7199a648b588394f21deed6d6c87a8a9ced37ec2856f643104acc033cb66791d,442.69768974535134,023e33504ab909cf87a6f4e4e545090e40bdc0a2153e5b68b19f7fad2b737904,4e07408562bedb8b60ce05c1decfe3ad16b72230967de01f640b7e4729b49fce,,212.52222438877732,,341.38568474591744,,483.33622044501266,96.73161891290688,468.4044381435695,443.3022828453172,69.17134838390787,2.5905502500562783,66.86156913568597,369.4428846923553,25.40545233594821,448.4334422255709,39.343304367368326,99.7633905837515,,,,5feceb66ffc86f38d952786c6d696c79c2dbc239dd4e91b46729d73a27fb57e9,5feceb66ffc86f38d952786c6d696c79c2dbc239dd4e91b46729d73a27fb57e9,5feceb66ffc86f38d952786c6d696c79c2dbc239dd4e91b46729d73a27fb57e9,,,,,,,185.64316450892605,30.55903387184139,5feceb66ffc86f38d952786c6d696c79c2dbc239dd4e91b46729d73a27fb57e9,736b57465bc098745b079bbf59b7645dc4548bc5e23e4805c92fa6a35eb0e3a9,2d0e988d969688c818eb45c6d878a06e158a7cca5af1239661a22699c9a187dd,8cc55a0dddacf1e9b9cb12a2ece4bda3939ac9c94cf5ef30dcf50844a99ab4ff,,,,5feceb66ffc86f38d952786c6d696c79c2dbc239dd4e91b46729d73a27fb57e9,5feceb66ffc86f38d952786c6d696c79c2dbc239dd4e91b46729d73a27fb57e9,5feceb66ffc86f38d952786c6d696c79c2dbc239dd4e91b46729d73a27fb57e9,,,5feceb66ffc86f38d952786c6d696c79c2dbc239dd4e91b46729d73a27fb57e9,5feceb66ffc86f38d952786c6d696c79c2dbc239dd4e91b46729d73a27fb57e9,5feceb66ffc86f38d952786c6d696c79c2dbc239dd4e91b46729d73a27fb57e9,5feceb66ffc86f38d952786c6d696c79c2dbc239dd4e91b46729d73a27fb57e9,5feceb66ffc86f38d952786c6d696c79c2dbc239dd4e91b46729d73a27fb57e9,5feceb66ffc86f38d952786c6d696c79c2dbc239dd4e91b46729d73a27fb57e9,4b68ab3847feda7d6c62c1fbcbeebfa35eab7351ed5e78f4ddadea5df64b8015,137.87543353340925,,,226.93938450032303,132.08699761649783,,,,,,106.43165638713813,201.1881145601185,489.3449699817021,233.0580621394876,,,,,,,,,,369.70694361837496,,,,9729c4a9e9f0f13453dc97c4298183af7a88b3e890a56d8adcfff880441c934d,a24c954b6064f5fa043f34f2496844499478a98c1fa521b2bc8d18266c999ebe,abe464ff6d208dc29d603390b9992bcccb9b06e57c94eb07ce579966fd0608e1
ad57366865126e55649ecb23ae1d48887544976efea46a48eb5d85a6eeb4d306,b0b99f39c1212ed23f94b59cb05fd0a17aec8801182e7156780dda64e6e306bb,b9ffe9007a4cd971a305ac35efd97a6ae76193c62a33b9f49f704113caedaad6,,,484.2941738664209,779.4825410431852,8de0b3c47f112c59745f717a626932264c422a7563954872e237b223af4ad643,4701.599238370484,6899.945970176232,271.04016220433186,e4d8e2c97976e3e0ddeae407fd54987f0b4f8d6792284742b51399a078765319,457.08569459925104,493.64932421951073,428.25903547743343,8de0b3c47f112c59745f717a626932264c422a7563954872e237b223af4ad643,71.03168879126258,368.89315464271385,521.3835717899865,e4d8e2c97976e3e0ddeae407fd54987f0b4f8d6792284742b51399a078765319,408.70506912831195,201.08537212465927,100.77063013857385,8de0b3c47f112c59745f717a626932264c422a7563954872e237b223af4ad643,430.2702464853571,90.33224706042236,227.43145069520534,e4d8e2c97976e3e0ddeae407fd54987f0b4f8d6792284742b51399a078765319,465.8963489747943,6557739a67283a8de383fc5c0997fbec7c5721a46f28f3235fc9607598d9016b,6b86b273ff34fce19d6b804eff5a3f5747ada4eaa22f1d49c01e52ddb7875b4b,,6469.649520698329,2024-01-27,189.41097364817443,,18.390348257577404,160.8759744092807,417.4881875594323,352.9762205538435,136.5545017439942,10.403660995691844,331.6221907561108,318.0594767300053,253.3833533276333,135.72175313427536,426.8477019903133,116.21533729598521,,,,5feceb66ffc86f38d952786c6d696c79c2dbc239dd4e91b46729d73a27fb57e9,5feceb66ffc86f38d952786c6d696c79c2dbc239dd4e91b46729d73a27fb57e9,5feceb66ffc86f38d952786c6d696c79c2dbc239dd4e91b46729d73a27fb57e9,,4b68ab3847feda7d6c62c1fbcbeebfa35eab7351ed5e78f4ddadea5df64b8015,4b68ab3847feda7d6c62c1fbcbeebfa35eab7351ed5e78f4ddadea5df64b8015,,,,222.08614245650793,166.86209189175884,5feceb66ffc86f38d952786c6d696c79c2dbc239dd4e91b46729d73a27fb57e9,736b57465bc098745b079bbf59b7645dc4548bc5e23e4805c92fa6a35eb0e3a9,4cae3ecef4d8602251d25a999a9e4c3244edc0ee67f08ba1e7910bd5e5ebdebe,2302bef401e9a113ca1c5ee624a48d86f52e400f0a7155d3ea296bff4d5d4ff0,,7a3e6b16cb75f48fb897eff3ae732f3154f6d203b53f33660f01b4c3b6bc2df9,7a3e6b16cb75f48fb897eff3ae732f3154f6d203b53f33660f01b4c3b6bc2df9,5feceb66ffc86f38d952786c6d696c79c2dbc239dd4e91b46729d73a27fb57e9,6b86b273ff34fce19d6b804eff5a3f5747ada4eaa22f1d49c01e52ddb7875b4b,6b86b273ff34fce19d6b804eff5a3f5747ada4eaa22f1d49c01e52ddb7875b4b,,,5feceb66ffc86f38d952786c6d696c79c2dbc239dd4e91b46729d73a27fb57e9,6b86b273ff34fce19d6b804eff5a3f5747ada4eaa22f1d49c01e52ddb7875b4b,6b86b273ff34fce19d6b804eff5a3f5747ada4eaa22f1d49c01e52ddb7875b4b,5feceb66ffc86f38d952786c6d696c79c2dbc239dd4e91b46729d73a27fb57e9,6557739a67283a8de383fc5c0997fbec7c5721a46f28f3235fc9607598d9016b,d398b29d3dbbb9bf201d4c7e1c19ff9d43c15fd45a0cec46fbe9885ec3f6e97f,4b68ab3847feda7d6c62c1fbcbeebfa35eab7351ed5e78f4ddadea5df64b8015,6079.303842995036,,,7250.289131194411,337.33117558467416,,,,,,212.6376065368335,364.3670765559863,230.50994218040148,93.86332877616049,,,,,,,,,,405.03241640867134,,,,b0b99f39c1212ed23f94b59cb05fd0a17aec8801182e7156780dda64e6e306bb,9ec1d87dcfb433aba8a563faa43c05186453605311ba17c24a93edc484d59f22,abe464ff6d208dc29d603390b9992bcccb9b06e57c94eb07ce579966fd0608e1
ad57366865126e55649ecb23ae1d48887544976efea46a48eb5d85a6eeb4d306,774fecb2b770a8c768ed5e18e45ccda9774da972068ade1684af473ab053b232,b9ffe9007a4cd971a305ac35efd97a6ae76193c62a33b9f49f704113caedaad6,,,304.6423660139922,475.7557117905923,8de0b3c47f112c59745f717a626932264c422a7563954872e237b223af4ad643,405.3355274363925,1771.281180335621,432.0750681043332,e4d8e2c97976e3e0ddeae407fd54987f0b4f8d6792284742b51399a078765319,93.05724919493797,165.191991661027,379.36253617271154,8de0b3c47f112c59745f717a626932264c422a7563954872e237b223af4ad643,45.111562133624815,468.37282271752747,196.69963503673318,e4d8e2c97976e3e0ddeae407fd54987f0b4f8d6792284742b51399a078765319,421.840909024076,210.81669890611255,106.67524535057026,8de0b3c47f112c59745f717a626932264c422a7563954872e237b223af4ad643,494.5874871618122,72.1203635667687,230.049966254487,e4d8e2c97976e3e0ddeae407fd54987f0b4f8d6792284742b51399a078765319,198.3470737891481,1bea20e1df19b12013976de2b5e0e3d1fb4ba088b59fe53642c324298b21ffd9,6b86b273ff34fce19d6b804eff5a3f5747ada4eaa22f1d49c01e52ddb7875b4b,,1826.9195912413747,2020-10-27,483.48136875506356,,381.9016937218557,175.3427907830115,345.7201965762924,397.0422618022048,10.936268412227223,307.9242714857717,374.51307123791685,423.72095277106143,481.97461699350725,90.46563792494238,33.17639186178245,259.4368230273379,,,,5feceb66ffc86f38d952786c6d696c79c2dbc239dd4e91b46729d73a27fb57e9,5feceb66ffc86f38d952786c6d696c79c2dbc239dd4e91b46729d73a27fb57e9,5feceb66ffc86f38d952786c6d696c79c2dbc239dd4e91b46729d73a27fb57e9,,4b68ab3847feda7d6c62c1fbcbeebfa35eab7351ed5e78f4ddadea5df64b8015,4b68ab3847feda7d6c62c1fbcbeebfa35eab7351ed5e78f4ddadea5df64b8015,,,,387.1038952658579,429.41890205971157,5feceb66ffc86f38d952786c6d696c79c2dbc239dd4e91b46729d73a27fb57e9,736b57465bc098745b079bbf59b7645dc4548bc5e23e4805c92fa6a35eb0e3a9,e1ce9d767763d4d44a9cdda05f7fcea8dd078e8387d8cbc54b522d1af351e897,eb6117a7d1ac0051b4b792d0ac44d4aa26be6ef3ae4f2b7d4526dcdd4b4708ff,,7a3e6b16cb75f48fb897eff3ae732f3154f6d203b53f33660f01b4c3b6bc2df9,7a3e6b16cb75f48fb897eff3ae732f3154f6d203b53f33660f01b4c3b6bc2df9,5feceb66ffc86f38d952786c6d696c79c2dbc239dd4e91b46729d73a27fb57e9,6b86b273ff34fce19d6b804eff5a3f5747ada4eaa22f1d49c01e52ddb7875b4b,6b86b273ff34fce19d6b804eff5a3f5747ada4eaa22f1d49c01e52ddb7875b4b,,,5feceb66ffc86f38d952786c6d696c79c2dbc239dd4e91b46729d73a27fb57e9,6b86b273ff34fce19d6b804eff5a3f5747ada4eaa22f1d49c01e52ddb7875b4b,6b86b273ff34fce19d6b804eff5a3f5747ada4eaa22f1d49c01e52ddb7875b4b,5feceb66ffc86f38d952786c6d696c79c2dbc239dd4e91b46729d73a27fb57e9,1bea20e1df19b12013976de2b5e0e3d1fb4ba088b59fe53642c324298b21ffd9,73a2af8864fc500fa49048bf3003776c19938f360e56bd03663866fb3087884a,4b68ab3847feda7d6c62c1fbcbeebfa35eab7351ed5e78f4ddadea5df64b8015,1696.9040492839201,,,1778.831884052144,385.3040995142807,,,,,,443.6981340221368,435.39017732251114,161.39958424025846,264.19237688669955,,,,,,,,,,184.8476730252564,,,,774fecb2b770a8c768ed5e18e45ccda9774da972068ade1684af473ab053b232,e0dd01964d4484e9f6281c35148203eee4e32d9588745274a809998b279bb8da,abe464ff6d208dc29d603390b9992bcccb9b06e57c94eb07ce579966fd0608e1
ad57366865126e55649ecb23ae1d48887544976efea46a48eb5d85a6eeb4d306,908d2831d769fc7a24550e080ae2cb7b7ed6fbb4b659383712c397dc4b61cacb,b9ffe9007a4cd971a305ac35efd97a6ae76193c62a33b9f49f704113caedaad6,,,40.91075052143955,129.69209532528754,8de0b3c47f112c59745f717a626932264c422a7563954872e237b223af4ad643,331.2207176227389,403.4546763296534,1266.1742931659742,4c36c775b818b891dca3ff4671f709de87ed56fdc9e0893846f27dd0bd0ecc9a,81.40328390744416,414.061007356437,76.78902499745499,8de0b3c47f112c59745f717a626932264c422a7563954872e237b223af4ad643,495.14432714116134,226.65071785839856,1424.6617838304558,4c36c775b818b891dca3ff4671f709de87ed56fdc9e0893846f27dd0bd0ecc9a,54.640544916739195,46.18425334654902,363.50749174926995,8de0b3c47f112c59745f717a626932264c422a7563954872e237b223af4ad643,10.539840791083877,341.99264413129197,1079.6896489744702,4c36c775b818b891dca3ff4671f709de87ed56fdc9e0893846f27dd0bd0ecc9a,238.78885962384632,023e33504ab909cf87a6f4e4e545090e40bdc0a2153e5b68b19f7fad2b737904,4e07408562bedb8b60ce05c1decfe3ad16b72230967de01f640b7e4729b49fce,,189.9281696152511,,41.67566760948277,,247.25899865896633,289.256714888274,293.30330492399435,372.21323434606813,350.5054930294507,267.3809584795075,294.5158694457501,223.73726498171604,182.25432850255473,388.0662896142516,287.0261845174029,33.12162371055499,,,,5feceb66ffc86f38d952786c6d696c79c2dbc239dd4e91b46729d73a27fb57e9,5feceb66ffc86f38d952786c6d696c79c2dbc239dd4e91b46729d73a27fb57e9,5feceb66ffc86f38d952786c6d696c79c2dbc239dd4e91b46729d73a27fb57e9,,,,,,,229.45319339593166,442.9171626975953,5feceb66ffc86f38d952786c6d696c79c2dbc239dd4e91b46729d73a27fb57e9,736b57465bc098745b079bbf59b7645dc4548bc5e23e4805c92fa6a35eb0e3a9,8619e496ecaccebcad495691c0410aad37b7777f50468922489a04c963a1672b,450e45fa51d98595d0c0f6f91eddec51521048d6925de8ad07aec6f878aa4ceb,,,,5feceb66ffc86f38d952786c6d696c79c2dbc239dd4e91b46729d73a27fb57e9,5feceb66ffc86f38d952786c6d696c79c2dbc239dd4e91b46729d73a27fb57e9,5feceb66ffc86f38d952786c6d696c79c2dbc239dd4e91b46729d73a27fb57e9,,,5feceb66ffc86f38d952786c6d696c79c2dbc239dd4e91b46729d73a27fb57e9,5feceb66ffc86f38d952786c6d696c79c2dbc239dd4e91b46729d73a27fb57e9,5feceb66ffc86f38d952786c6d696c79c2dbc239dd4e91b46729d73a27fb57e9,5feceb66ffc86f38d952786c6d696c79c2dbc239dd4e91b46729d73a27fb57e9,5feceb66ffc86f38d952786c6d696c79c2dbc239dd4e91b46729d73a27fb57e9,5feceb66ffc86f38d952786c6d696c79c2dbc239dd4e91b46729d73a27fb57e9,4b68ab3847feda7d6c62c1fbcbeebfa35eab7351ed5e78f4ddadea5df64b8015,452.6040373906561,,,118.17965235538452,359.84597840803025,,,,,,335.53101765450054,379.24337635173754,287.30607030511885,99.2720210878647,,,,,,,,,,480.3072076540014,,,,908d2831d769fc7a24550e080ae2cb7b7ed6fbb4b659383712c397dc4b61cacb,601607b6db328816e61d883e4c6586edf1e14a029096db3ed96f747a27e4eba9,abe464ff6d208dc29d603390b9992bcccb9b06e57c94eb07ce579966fd0608e1
ad57366865126e55649ecb23ae1d48887544976efea46a48eb5d85a6eeb4d306,e54330537af86b38be9ccc391b60e583c9c69161259c9f339998e307f52ecb94,0f24794338ec0aa81fd7079166108c55022c0b70935e910a5efd4e8af270e20a,,,95.04357999692259,126.60024411960136,8de0b3c47f112c59745f717a626932264c422a7563954872e237b223af4ad643,169.02113079066066,527.7888823041151,228.41070275723803,923460afd903841a21363fb1ae650e8d624aaea62efe94c043dced07673a52e3,176.60777020964258,301.05495382641664,111.53619076195214,8de0b3c47f112c59745f717a626932264c422a7563954872e237b223af4ad643,151.9923193027562,304.52540687174155,209.2115174609256,923460afd903841a21363fb1ae650e8d624aaea62efe94c043dced07673a52e3,140.98500607608077,479.87618818065624,89.25924200208301,8de0b3c47f112c59745f717a626932264c422a7563954872e237b223af4ad643,485.5423709450662,112.63565421857614,466.05578030936124,923460afd903841a21363fb1ae650e8d624aaea62efe94c043dced07673a52e3,354.092274429892,4b9a7f50c0bb198c6f5414c5a8459f5d216d34ab521ea94c060ea35cac66f900,19581e27de7ced00ff1ce50b2047e7a567c76b1cbaebabe5ef03f7c3017bb5b7,,405.8712540529917,,262.247486051823,,209.79475969690697,400.73056792369135,202.06666411547042,267.78284524731265,284.97721390280094,282.6178115797257,178.6092282450444,156.05588803715352,341.74653300786673,284.3767964925584,327.4986324033753,180.1078904037009,,,,5feceb66ffc86f38d952786c6d696c79c2dbc239dd4e91b46729d73a27fb57e9,5feceb66ffc86f38d952786c6d696c79c2dbc239dd4e91b46729d73a27fb57e9,5feceb66ffc86f38d952786c6d696c79c2dbc239dd4e91b46729d73a27fb57e9,,4b68ab3847feda7d6c62c1fbcbeebfa35eab7351ed5e78f4ddadea5df64b8015,4b68ab3847feda7d6c62c1fbcbeebfa35eab7351ed5e78f4ddadea5df64b8015,,,,351.80127626961155,19.65424728009868,5feceb66ffc86f38d952786c6d696c79c2dbc239dd4e91b46729d73a27fb57e9,333e0a1e27815d0ceee55c473fe3dc93d56c63e3bee2b3b4aee8eed6d70191a3,7bcd9ad93a4b7fbaaccd974a60a0ef1a5a360b0ff3c989434d3c10677125cdd4,79dbfe690328c5df69f465021d41a6e8dd082c5d21f0bf21c708bfed0c10971d,,7a3e6b16cb75f48fb897eff3ae732f3154f6d203b53f33660f01b4c3b6bc2df9,7a3e6b16cb75f48fb897eff3ae732f3154f6d203b53f33660f01b4c3b6bc2df9,5feceb66ffc86f38d952786c6d696c79c2dbc239dd4e91b46729d73a27fb57e9,6b86b273ff34fce19d6b804eff5a3f5747ada4eaa22f1d49c01e52ddb7875b4b,6b86b273ff34fce19d6b804eff5a3f5747ada4eaa22f1d49c01e52ddb7875b4b,,,5feceb66ffc86f38d952786c6d696c79c2dbc239dd4e91b46729d73a27fb57e9,6b86b273ff34fce19d6b804eff5a3f5747ada4eaa22f1d49c01e52ddb7875b4b,6b86b273ff34fce19d6b804eff5a3f5747ada4eaa22f1d49c01e52ddb7875b4b,5feceb66ffc86f38d952786c6d696c79c2dbc239dd4e91b46729d73a27fb57e9,6557739a67283a8de383fc5c0997fbec7c5721a46f28f3235fc9607598d9016b,d398b29d3dbbb9bf201d4c7e1c19ff9d43c15fd45a0cec46fbe9885ec3f6e97f,4b68ab3847feda7d6c62c1fbcbeebfa35eab7351ed5e78f4ddadea5df64b8015,66.76062967507265,,,468.284753385983,282.17576171587433,,,,,,267.33657660098135,407.2665680555381,195.53207854634857,337.7396140626573,,,,,,,,,,222.9506545909266,,,,e54330537af86b38be9ccc391b60e583c9c69161259c9f339998e307f52ecb94,235c45e6778c6a4f48c72c834908b0dfe83a694564e36f464777f7d7e1a0212e,abe464ff6d208dc29d603390b9992bcccb9b06e57c94eb07ce579966fd0608e1
ad57366865126e55649ecb23ae1d48887544976efea46a48eb5d85a6eeb4d306,774fecb2b770a8c768ed5e18e45ccda9774da972068ade1684af473ab053b232,0f24794338ec0aa81fd7079166108c55022c0b70935e910a5efd4e8af270e20a,,,2.511549289224424,274.22713489291044,8de0b3c47f112c59745f717a626932264c422a7563954872e237b223af4ad643,413.0005758896777,425.4798576819179,200.228361076351,923460afd903841a21363fb1ae650e8d624aaea62efe94c043dced07673a52e3,395.5192255944339,346.5041560551842,28.569822231380215,8de0b3c47f112c59745f717a626932264c422a7563954872e237b223af4ad643,51.656489985407674,369.5626665011451,315.51173038988856,923460afd903841a21363fb1ae650e8d624aaea62efe94c043dced07673a52e3,359.9246919607011,220.6609112444764,447.75580885612857,8de0b3c47f112c59745f717a626932264c422a7563954872e237b223af4ad643,9.493840089030092,467.85028570345554,93.1972183200902,923460afd903841a21363fb1ae650e8d624aaea62efe94c043dced07673a52e3,156.7075870489939,4b9a7f50c0bb198c6f5414c5a8459f5d216d34ab521ea94c060ea35cac66f900,19581e27de7ced00ff1ce50b2047e7a567c76b1cbaebabe5ef03f7c3017bb5b7,,258.9385884224817,,82.99295329047018,,413.3695769420007,205.49035575086256,84.52461861112698,304.71938569145254,490.9533459049699,437.6823551505334,115.35179463542438,44.251487022469945,231.178741068303,204.97519054073103,398.1255269751781,374.42042773282816,,,,5feceb66ffc86f38d952786c6d696c79c2dbc239dd4e91b46729d73a27fb57e9,5feceb66ffc86f38d952786c6d696c79c2dbc239dd4e91b46729d73a27fb57e9,5feceb66ffc86f38d952786c6d696c79c2dbc239dd4e91b46729d73a27fb57e9,,4b68ab3847feda7d6c62c1fbcbeebfa35eab7351ed5e78f4ddadea5df64b8015,,,,,232.1341472226124,126.04724967965458,5feceb66ffc86f38d952786c6d696c79c2dbc239dd4e91b46729d73a27fb57e9,333e0a1e27815d0ceee55c473fe3dc93d56c63e3bee2b3b4aee8eed6d70191a3,3e7ee7a2d4b5bb2ab03293383dba6e5723f3c8558f9d850908878299a1e4e6fc,3b2a17c6c1dfd66113fce7ca8862f2bd081bc1385572fcfff65b624f87d03ff3,,7a3e6b16cb75f48fb897eff3ae732f3154f6d203b53f33660f01b4c3b6bc2df9,,5feceb66ffc86f38d952786c6d696c79c2dbc239dd4e91b46729d73a27fb57e9,6b86b273ff34fce19d6b804eff5a3f5747ada4eaa22f1d49c01e52ddb7875b4b,5feceb66ffc86f38d952786c6d696c79c2dbc239dd4e91b46729d73a27fb57e9,,,5feceb66ffc86f38d952786c6d696c79c2dbc239dd4e91b46729d73a27fb57e9,6b86b273ff34fce19d6b804eff5a3f5747ada4eaa22f1d49c01e52ddb7875b4b,5feceb66ffc86f38d952786c6d696c79c2dbc239dd4e91b46729d73a27fb57e9,5feceb66ffc86f38d952786c6d696c79c2dbc239dd4e91b46729d73a27fb57e9,73a2af8864fc500fa49048bf3003776c19938f360e56bd03663866fb3087884a,5feceb66ffc86f38d952786c6d696c79c2dbc239dd4e91b46729d73a27fb57e9,4b68ab3847feda7d6c62c1fbcbeebfa35eab7351ed5e78f4ddadea5df64b8015,486.87294800435984,,,283.89632536278646,317.8267517758906,,,,,,172.23947911753746,68.68698423782443,363.2445958699059,167.95375756972714,,,,,,,,,,498.92392516827704,,,,774fecb2b770a8c768ed5e18e45ccda9774da972068ade1684af473ab053b232,e6cd7c2bf5823b18595f75f1c6624acd372c29ad719b273f99e273b3dc7d372b,abe464ff6d208dc29d603390b9992bcccb9b06e57c94eb07ce579966fd0608e1
ad57366865126e55649ecb23ae1d48887544976efea46a48eb5d85a6eeb4d306,b0b99f39c1212ed23f94b59cb05fd0a17aec8801182e7156780dda64e6e306bb,0f24794338ec0aa81fd7079166108c55022c0b70935e910a5efd4e8af270e20a,,,252.46526654338564,139.89816622629868,8de0b3c47f112c59745f717a626932264c422a7563954872e237b223af4ad643,458.60565345651025,543.8617010973375,203.16189052951933,923460afd903841a21363fb1ae650e8d624aaea62efe94c043dced07673a52e3,475.848828437414,343.58862037996545,354.74463441850867,8de0b3c47f112c59745f717a626932264c422a7563954872e237b223af4ad643,127.7096649935403,103.85384695696476,89.18182010155783,923460afd903841a21363fb1ae650e8d624aaea62efe94c043dced07673a52e3,51.85195679425081,105.29736960692354,159.45213734256447,8de0b3c47f112c59745f717a626932264c422a7563954872e237b223af4ad643,122.83136694954672,257.4584532758433,112.64483440100848,923460afd903841a21363fb1ae650e8d624aaea62efe94c043dced07673a52e3,27.939228653649785,4b9a7f50c0bb198c6f5414c5a8459f5d216d34ab521ea94c060ea35cac66f900,19581e27de7ced00ff1ce50b2047e7a567c76b1cbaebabe5ef03f7c3017bb5b7,,160.4706177944238,,196.21890171807098,,147.54724077561775,84.6953918359854,292.92213823257293,98.48693121059293,310.3461175122648,62.308847935728714,66.21615143899994,304.0758648205471,78.74279434440994,390.6026028889889,197.5197348738286,169.59915080607956,,,,5feceb66ffc86f38d952786c6d696c79c2dbc239dd4e91b46729d73a27fb57e9,5feceb66ffc86f38d952786c6d696c79c2dbc239dd4e91b46729d73a27fb57e9,5feceb66ffc86f38d952786c6d696c79c2dbc239dd4e91b46729d73a27fb57e9,,4b68ab3847feda7d6c62c1fbcbeebfa35eab7351ed5e78f4ddadea5df64b8015,4b68ab3847feda7d6c62c1fbcbeebfa35eab7351ed5e78f4ddadea5df64b8015,,,,135.86258696950904,154.33659907432667,5feceb66ffc86f38d952786c6d696c79c2dbc239dd4e91b46729d73a27fb57e9,333e0a1e27815d0ceee55c473fe3dc93d56c63e3bee2b3b4aee8eed6d70191a3,09fb905b99f414e1c84c0d275cad3238f988fbb751282fb76fcffca4a2d8ccd6,5a7d2f36fb4b8c1c6f7808b40bb660f811eebfeebb401c8e58b73b69c5e80ade,,7a3e6b16cb75f48fb897eff3ae732f3154f6d203b53f33660f01b4c3b6bc2df9,7a3e6b16cb75f48fb897eff3ae732f3154f6d203b53f33660f01b4c3b6bc2df9,5feceb66ffc86f38d952786c6d696c79c2dbc239dd4e91b46729d73a27fb57e9,6b86b273ff34fce19d6b804eff5a3f5747ada4eaa22f1d49c01e52ddb7875b4b,6b86b273ff34fce19d6b804eff5a3f5747ada4eaa22f1d49c01e52ddb7875b4b,,,5feceb66ffc86f38d952786c6d696c79c2dbc239dd4e91b46729d73a27fb57e9,6b86b273ff34fce19d6b804eff5a3f5747ada4eaa22f1d49c01e52ddb7875b4b,6b86b273ff34fce19d6b804eff5a3f5747ada4eaa22f1d49c01e52ddb7875b4b,5feceb66ffc86f38d952786c6d696c79c2dbc239dd4e91b46729d73a27fb57e9,6557739a67283a8de383fc5c0997fbec7c5721a46f28f3235fc9607598d9016b,d398b29d3dbbb9bf201d4c7e1c19ff9d43c15fd45a0cec46fbe9885ec3f6e97f,4b68ab3847feda7d6c62c1fbcbeebfa35eab7351ed5e78f4ddadea5df64b8015,431.92605061258234,,,260.4472114834193,143.10135802240225,,,,,,456.37366055091206,434.4952946903523,261.2093730523264,268.2565129753568,,,,,,,,,,213.04688042673163,,,,b0b99f39c1212ed23f94b59cb05fd0a17aec8801182e7156780dda64e6e306bb,da7e20b62852a381d235dc0b3a6356c9a5b820f5f75e394f0cdf58800b5d477f,abe464ff6d208dc29d603390b9992bcccb9b06e57c94eb07ce579966fd0608e1
