MANDT,BUKRS,BWKEY,MATNR,WERKS,SOURCE_SYSTEM_ERP,PLIFZ,DZEIT,DISLS,MEINS,global_material_number,NAME1,VPRSV,VERPR,STPRS,PEINH,BKLAS,WAERS,mtl_plant_emd,global_mtl_id,primary_key_intra,primary_key_inter,no_of_duplicates
ad57366865126e55649ecb23ae1d48887544976efea46a48eb5d85a6eeb4d306,40510175845988f13f6162ed8526f0b09f73384467fa855e1e79b44a56562a58,16189a630bebe5af2758070eb7d92ccb12edc3d4913a9c48754b8ba60e98fc8a,590c5df14b93564b3822eeb4d5b6468ea992f92499c1692edcfcdf555a78e39f,16189a630bebe5af2758070eb7d92ccb12edc3d4913a9c48754b8ba60e98fc8a,9b209a8df4da4b8d1324a72922683c465c740844eef3302799083ed553935116,318,323,e7424eff12e0cabe5c45c15409aba4e859b80264588eb38c6cb0728772fc54b9,88ed32099fc71a59d6849a77735f947e17ebdd813cefc4742682dcadbeecf920,590c5df14b93564b3822eeb4d5b6468ea992f92499c1692edcfcdf555a78e39f,2ed7491f6ac5940969b6d3db3b8b07884d18a42e31380d4f7a94e4165ef78771,8de0b3c47f112c59745f717a626932264c422a7563954872e237b223af4ad643,6.691332478786042,194.31584970280406,390,22191a9215264bb24037d3fa2e7d1516c97813abb7aa0a417e5a157910fb0af7,a26cdf3a6e709124385d4d7eb9bff6b897a58ed5597fbab779b89849dbe81b21,16189a630bebe5af2758070eb7d92ccb12edc3d4913a9c48754b8ba60e98fc8a-2ed7491f6ac5940969b6d3db3b8b07884d18a42e31380d4f7a94e4165ef78771,590c5df14b93564b3822eeb4d5b6468ea992f92499c1692edcfcdf555a78e39f,590c5df14b93564b3822eeb4d5b6468ea992f92499c1692edcfcdf555a78e39f-16189a630bebe5af2758070eb7d92ccb12edc3d4913a9c48754b8ba60e98fc8a,9b209a8df4da4b8d1324a72922683c465c740844eef3302799083ed553935116-590c5df14b93564b3822eeb4d5b6468ea992f92499c1692edcfcdf555a78e39f-16189a630bebe5af2758070eb7d92ccb12edc3d4913a9c48754b8ba60e98fc8a,1
ad57366865126e55649ecb23ae1d48887544976efea46a48eb5d85a6eeb4d306,bd14620394b6083fbf735bbfc55773765de1d750ec053f281fe77d7764d7b36b,55884750c4a8f29a9ee3ed3823b2e64f3320f13c3a04ec45e1b2ef79518d8ebe,590c5df14b93564b3822eeb4d5b6468ea992f92499c1692edcfcdf555a78e39f,55884750c4a8f29a9ee3ed3823b2e64f3320f13c3a04ec45e1b2ef79518d8ebe,9b209a8df4da4b8d1324a72922683c465c740844eef3302799083ed553935116,470,346,22c3722fa5700e15c92db7eaecc0ee30d09230bf4f998cad573df90f29bfd27f,88ed32099fc71a59d6849a77735f947e17ebdd813cefc4742682dcadbeecf920,590c5df14b93564b3822eeb4d5b6468ea992f92499c1692edcfcdf555a78e39f,64c0dc3303c75892910f50ff3149655fdfb5d021e7f31c03f231e29830c6c629,8de0b3c47f112c59745f717a626932264c422a7563954872e237b223af4ad643,196.7077166067686,280.798671611764,41,22191a9215264bb24037d3fa2e7d1516c97813abb7aa0a417e5a157910fb0af7,a4d8d54d911941f3926f0b21a8aa8d8ee2ba8951b017d8157f5a3e7712869ef2,55884750c4a8f29a9ee3ed3823b2e64f3320f13c3a04ec45e1b2ef79518d8ebe-64c0dc3303c75892910f50ff3149655fdfb5d021e7f31c03f231e29830c6c629,590c5df14b93564b3822eeb4d5b6468ea992f92499c1692edcfcdf555a78e39f,590c5df14b93564b3822eeb4d5b6468ea992f92499c1692edcfcdf555a78e39f-55884750c4a8f29a9ee3ed3823b2e64f3320f13c3a04ec45e1b2ef79518d8ebe,9b209a8df4da4b8d1324a72922683c465c740844eef3302799083ed553935116-590c5df14b93564b3822eeb4d5b6468ea992f92499c1692edcfcdf555a78e39f-55884750c4a8f29a9ee3ed3823b2e64f3320f13c3a04ec45e1b2ef79518d8ebe,1
ad57366865126e55649ecb23ae1d48887544976efea46a48eb5d85a6eeb4d306,ecd8e4da8db957686847a87370033f9b64fa9348bfd71d830d1cbd4fbcb7dd8f,604edb6abb13f37743fc6457e66514ad09820665926dd2f1b1b4ffed85f636a9,590c5df14b93564b3822eeb4d5b6468ea992f92499c1692edcfcdf555a78e39f,604edb6abb13f37743fc6457e66514ad09820665926dd2f1b1b4ffed85f636a9,9b209a8df4da4b8d1324a72922683c465c740844eef3302799083ed553935116,451,395,22c3722fa5700e15c92db7eaecc0ee30d09230bf4f998cad573df90f29bfd27f,88ed32099fc71a59d6849a77735f947e17ebdd813cefc4742682dcadbeecf920,590c5df14b93564b3822eeb4d5b6468ea992f92499c1692edcfcdf555a78e39f,59963e34e135776f141aa39abb087781cf7c8ac102162949f00902cceef5e35e,de5a6f78116eca62d7fc5ce159d23ae6b889b365a1739ad2cf36f925a140d0cc,854.0573380093924,599.4088946974682,25,22191a9215264bb24037d3fa2e7d1516c97813abb7aa0a417e5a157910fb0af7,402419e92096bd4ab499de51bffcdcacb13eeb4b6452b327a334799ffd9f4df5,604edb6abb13f37743fc6457e66514ad09820665926dd2f1b1b4ffed85f636a9-59963e34e135776f141aa39abb087781cf7c8ac102162949f00902cceef5e35e,590c5df14b93564b3822eeb4d5b6468ea992f92499c1692edcfcdf555a78e39f,590c5df14b93564b3822eeb4d5b6468ea992f92499c1692edcfcdf555a78e39f-604edb6abb13f37743fc6457e66514ad09820665926dd2f1b1b4ffed85f636a9,9b209a8df4da4b8d1324a72922683c465c740844eef3302799083ed553935116-590c5df14b93564b3822eeb4d5b6468ea992f92499c1692edcfcdf555a78e39f-604edb6abb13f37743fc6457e66514ad09820665926dd2f1b1b4ffed85f636a9,1
ad57366865126e55649ecb23ae1d48887544976efea46a48eb5d85a6eeb4d306,b746356b9c2afdce96197d490c00d864c54c432d61f49dd99f70520ce199f8e8,eb06b33ea7d020074c0e9df804c2b1168e531f64ec7fc3b7521fc25317be446c,590c5df14b93564b3822eeb4d5b6468ea992f92499c1692edcfcdf555a78e39f,eb06b33ea7d020074c0e9df804c2b1168e531f64ec7fc3b7521fc25317be446c,9b209a8df4da4b8d1324a72922683c465c740844eef3302799083ed553935116,279,399,3c2a0cf59cd5404e5fca0d371bf5e0e90dfa32aad052191ab078b70f7a555fca,88ed32099fc71a59d6849a77735f947e17ebdd813cefc4742682dcadbeecf920,590c5df14b93564b3822eeb4d5b6468ea992f92499c1692edcfcdf555a78e39f,f1a44aec2841b6104174dd62a570041c258aaa26d69ea3a7bd10da19a77f9371,de5a6f78116eca62d7fc5ce159d23ae6b889b365a1739ad2cf36f925a140d0cc,341.7498375571689,341.90129778467235,1071,22191a9215264bb24037d3fa2e7d1516c97813abb7aa0a417e5a157910fb0af7,02cb6fa562753c7e2863d7f7251cff6d60435180f1b80156a5a220d591047b3b,eb06b33ea7d020074c0e9df804c2b1168e531f64ec7fc3b7521fc25317be446c-f1a44aec2841b6104174dd62a570041c258aaa26d69ea3a7bd10da19a77f9371,590c5df14b93564b3822eeb4d5b6468ea992f92499c1692edcfcdf555a78e39f,590c5df14b93564b3822eeb4d5b6468ea992f92499c1692edcfcdf555a78e39f-eb06b33ea7d020074c0e9df804c2b1168e531f64ec7fc3b7521fc25317be446c,9b209a8df4da4b8d1324a72922683c465c740844eef3302799083ed553935116-590c5df14b93564b3822eeb4d5b6468ea992f92499c1692edcfcdf555a78e39f-eb06b33ea7d020074c0e9df804c2b1168e531f64ec7fc3b7521fc25317be446c,1
ad57366865126e55649ecb23ae1d48887544976efea46a48eb5d85a6eeb4d306,40510175845988f13f6162ed8526f0b09f73384467fa855e1e79b44a56562a58,03bd92369bd0c6b48f1d2d2cc6dc57bdbd78d14287aee8ae25b97436659fc7f2,73247d2a426212859ed5573281c4fb0f1ac040983509226591035355f4d0fa68,03bd92369bd0c6b48f1d2d2cc6dc57bdbd78d14287aee8ae25b97436659fc7f2,9b209a8df4da4b8d1324a72922683c465c740844eef3302799083ed553935116,480,494,3c2a0cf59cd5404e5fca0d371bf5e0e90dfa32aad052191ab078b70f7a555fca,72dfcfb0c470ac255cde83fb8fe38de8a128188e03ea5ba5b2a93adbea1062fa,73247d2a426212859ed5573281c4fb0f1ac040983509226591035355f4d0fa68,4da4483c0c2441b36e1c7267a1c6b96a0a05a7ca1dc6f1cdf14eaec3371c3013,8de0b3c47f112c59745f717a626932264c422a7563954872e237b223af4ad643,310.1395354968176,125.0817624774806,357,ebafc7f8530e495245bdfba503810ccef462ce7630766e7e1b9ec8dec07f160d,a26cdf3a6e709124385d4d7eb9bff6b897a58ed5597fbab779b89849dbe81b21,03bd92369bd0c6b48f1d2d2cc6dc57bdbd78d14287aee8ae25b97436659fc7f2-4da4483c0c2441b36e1c7267a1c6b96a0a05a7ca1dc6f1cdf14eaec3371c3013,73247d2a426212859ed5573281c4fb0f1ac040983509226591035355f4d0fa68,73247d2a426212859ed5573281c4fb0f1ac040983509226591035355f4d0fa68-03bd92369bd0c6b48f1d2d2cc6dc57bdbd78d14287aee8ae25b97436659fc7f2,9b209a8df4da4b8d1324a72922683c465c740844eef3302799083ed553935116-73247d2a426212859ed5573281c4fb0f1ac040983509226591035355f4d0fa68-03bd92369bd0c6b48f1d2d2cc6dc57bdbd78d14287aee8ae25b97436659fc7f2,1
ad57366865126e55649ecb23ae1d48887544976efea46a48eb5d85a6eeb4d306,40510175845988f13f6162ed8526f0b09f73384467fa855e1e79b44a56562a58,0955c5b3f55241a7d06dfdf4e7862d96a81ff3166ef14703cd2f97c7dbf31a3f,73247d2a426212859ed5573281c4fb0f1ac040983509226591035355f4d0fa68,0955c5b3f55241a7d06dfdf4e7862d96a81ff3166ef14703cd2f97c7dbf31a3f,9b209a8df4da4b8d1324a72922683c465c740844eef3302799083ed553935116,229,177,3c2a0cf59cd5404e5fca0d371bf5e0e90dfa32aad052191ab078b70f7a555fca,72dfcfb0c470ac255cde83fb8fe38de8a128188e03ea5ba5b2a93adbea1062fa,73247d2a426212859ed5573281c4fb0f1ac040983509226591035355f4d0fa68,c3d0c51f21eafde9922eafaac9cec3fb6bf1faa845b1d63e45666b1bd75634fe,de5a6f78116eca62d7fc5ce159d23ae6b889b365a1739ad2cf36f925a140d0cc,52.68809963605028,343.25371906690776,41,ebafc7f8530e495245bdfba503810ccef462ce7630766e7e1b9ec8dec07f160d,a26cdf3a6e709124385d4d7eb9bff6b897a58ed5597fbab779b89849dbe81b21,0955c5b3f55241a7d06dfdf4e7862d96a81ff3166ef14703cd2f97c7dbf31a3f-c3d0c51f21eafde9922eafaac9cec3fb6bf1faa845b1d63e45666b1bd75634fe,73247d2a426212859ed5573281c4fb0f1ac040983509226591035355f4d0fa68,73247d2a426212859ed5573281c4fb0f1ac040983509226591035355f4d0fa68-0955c5b3f55241a7d06dfdf4e7862d96a81ff3166ef14703cd2f97c7dbf31a3f,9b209a8df4da4b8d1324a72922683c465c740844eef3302799083ed553935116-73247d2a426212859ed5573281c4fb0f1ac040983509226591035355f4d0fa68-0955c5b3f55241a7d06dfdf4e7862d96a81ff3166ef14703cd2f97c7dbf31a3f,1
ad57366865126e55649ecb23ae1d48887544976efea46a48eb5d85a6eeb4d306,ad1f3889d0032e7c2791053060e4c044837353325fbd42cdeeef65638ed31c2a,0fdfe7858aa3bd7e1cd239c79505bf2722a65e25f07f4e96bdf936829c3f7fa7,73247d2a426212859ed5573281c4fb0f1ac040983509226591035355f4d0fa68,0fdfe7858aa3bd7e1cd239c79505bf2722a65e25f07f4e96bdf936829c3f7fa7,9b209a8df4da4b8d1324a72922683c465c740844eef3302799083ed553935116,202,111,3c2a0cf59cd5404e5fca0d371bf5e0e90dfa32aad052191ab078b70f7a555fca,72dfcfb0c470ac255cde83fb8fe38de8a128188e03ea5ba5b2a93adbea1062fa,73247d2a426212859ed5573281c4fb0f1ac040983509226591035355f4d0fa68,0fe4a0c9410bb106fc3eddfc0046062ffcc82d964f7a1406fdd982e5925bbbb2,de5a6f78116eca62d7fc5ce159d23ae6b889b365a1739ad2cf36f925a140d0cc,30.779230185547412,60.62166713015495,153,ebafc7f8530e495245bdfba503810ccef462ce7630766e7e1b9ec8dec07f160d,a7c07c281fad3bc0dea584ddb53461ff7e09897f6ee7bf2e30110c9eff9a7d84,0fdfe7858aa3bd7e1cd239c79505bf2722a65e25f07f4e96bdf936829c3f7fa7-0fe4a0c9410bb106fc3eddfc0046062ffcc82d964f7a1406fdd982e5925bbbb2,73247d2a426212859ed5573281c4fb0f1ac040983509226591035355f4d0fa68,73247d2a426212859ed5573281c4fb0f1ac040983509226591035355f4d0fa68-0fdfe7858aa3bd7e1cd239c79505bf2722a65e25f07f4e96bdf936829c3f7fa7,9b209a8df4da4b8d1324a72922683c465c740844eef3302799083ed553935116-73247d2a426212859ed5573281c4fb0f1ac040983509226591035355f4d0fa68-0fdfe7858aa3bd7e1cd239c79505bf2722a65e25f07f4e96bdf936829c3f7fa7,1
ad57366865126e55649ecb23ae1d48887544976efea46a48eb5d85a6eeb4d306,40510175845988f13f6162ed8526f0b09f73384467fa855e1e79b44a56562a58,16189a630bebe5af2758070eb7d92ccb12edc3d4913a9c48754b8ba60e98fc8a,73247d2a426212859ed5573281c4fb0f1ac040983509226591035355f4d0fa68,16189a630bebe5af2758070eb7d92ccb12edc3d4913a9c48754b8ba60e98fc8a,9b209a8df4da4b8d1324a72922683c465c740844eef3302799083ed553935116,433,302,3c2a0cf59cd5404e5fca0d371bf5e0e90dfa32aad052191ab078b70f7a555fca,72dfcfb0c470ac255cde83fb8fe38de8a128188e03ea5ba5b2a93adbea1062fa,73247d2a426212859ed5573281c4fb0f1ac040983509226591035355f4d0fa68,2ed7491f6ac5940969b6d3db3b8b07884d18a42e31380d4f7a94e4165ef78771,8de0b3c47f112c59745f717a626932264c422a7563954872e237b223af4ad643,219.53826137739844,130.4258275857162,224,ebafc7f8530e495245bdfba503810ccef462ce7630766e7e1b9ec8dec07f160d,a26cdf3a6e709124385d4d7eb9bff6b897a58ed5597fbab779b89849dbe81b21,16189a630bebe5af2758070eb7d92ccb12edc3d4913a9c48754b8ba60e98fc8a-2ed7491f6ac5940969b6d3db3b8b07884d18a42e31380d4f7a94e4165ef78771,73247d2a426212859ed5573281c4fb0f1ac040983509226591035355f4d0fa68,73247d2a426212859ed5573281c4fb0f1ac040983509226591035355f4d0fa68-16189a630bebe5af2758070eb7d92ccb12edc3d4913a9c48754b8ba60e98fc8a,9b209a8df4da4b8d1324a72922683c465c740844eef3302799083ed553935116-73247d2a426212859ed5573281c4fb0f1ac040983509226591035355f4d0fa68-16189a630bebe5af2758070eb7d92ccb12edc3d4913a9c48754b8ba60e98fc8a,1
ad57366865126e55649ecb23ae1d48887544976efea46a48eb5d85a6eeb4d306,70fa656aa0391eb9ef7bbc9c7e6771ec09e7d5d7ab1fcbbde2480d21263ee79a,1c745fae3fcd85f0611e967836f201e5adfc3f1859aa5f2209b6f75cb09223e4,73247d2a426212859ed5573281c4fb0f1ac040983509226591035355f4d0fa68,1c745fae3fcd85f0611e967836f201e5adfc3f1859aa5f2209b6f75cb09223e4,9b209a8df4da4b8d1324a72922683c465c740844eef3302799083ed553935116,94,302,3c2a0cf59cd5404e5fca0d371bf5e0e90dfa32aad052191ab078b70f7a555fca,72dfcfb0c470ac255cde83fb8fe38de8a128188e03ea5ba5b2a93adbea1062fa,73247d2a426212859ed5573281c4fb0f1ac040983509226591035355f4d0fa68,c96dd81db196cca5f57bd4270bbb9d9e9d1b242d67f9364005ee1dfdc2632523,de5a6f78116eca62d7fc5ce159d23ae6b889b365a1739ad2cf36f925a140d0cc,38.37892485225118,248.0989272016762,300,ebafc7f8530e495245bdfba503810ccef462ce7630766e7e1b9ec8dec07f160d,3a14761aebfa65eb32b531384af25307019448a30721b33daee8919eefaf553e,1c745fae3fcd85f0611e967836f201e5adfc3f1859aa5f2209b6f75cb09223e4-c96dd81db196cca5f57bd4270bbb9d9e9d1b242d67f9364005ee1dfdc2632523,73247d2a426212859ed5573281c4fb0f1ac040983509226591035355f4d0fa68,73247d2a426212859ed5573281c4fb0f1ac040983509226591035355f4d0fa68-1c745fae3fcd85f0611e967836f201e5adfc3f1859aa5f2209b6f75cb09223e4,9b209a8df4da4b8d1324a72922683c465c740844eef3302799083ed553935116-73247d2a426212859ed5573281c4fb0f1ac040983509226591035355f4d0fa68-1c745fae3fcd85f0611e967836f201e5adfc3f1859aa5f2209b6f75cb09223e4,1
ad57366865126e55649ecb23ae1d48887544976efea46a48eb5d85a6eeb4d306,202fd26f14d638ccb40975163ab0f05e1acf24c04a30708b3e0abfac44301a08,231a926b3ff4463f67e7621062be8a87471ee1c0313865f5136131d3d47ab930,73247d2a426212859ed5573281c4fb0f1ac040983509226591035355f4d0fa68,231a926b3ff4463f67e7621062be8a87471ee1c0313865f5136131d3d47ab930,9b209a8df4da4b8d1324a72922683c465c740844eef3302799083ed553935116,10,331,3c2a0cf59cd5404e5fca0d371bf5e0e90dfa32aad052191ab078b70f7a555fca,72dfcfb0c470ac255cde83fb8fe38de8a128188e03ea5ba5b2a93adbea1062fa,73247d2a426212859ed5573281c4fb0f1ac040983509226591035355f4d0fa68,42caf4af32092b7690bbe2b27b08ff3aab9a885e7c167dcb6f8b49e4d44b4063,de5a6f78116eca62d7fc5ce159d23ae6b889b365a1739ad2cf36f925a140d0cc,210.44517513805567,76.91198220739709,481,ebafc7f8530e495245bdfba503810ccef462ce7630766e7e1b9ec8dec07f160d,c529aa55a13908b476bf52b299e65a8ca0f4190406b0bf88c7fefed105317a02,231a926b3ff4463f67e7621062be8a87471ee1c0313865f5136131d3d47ab930-42caf4af32092b7690bbe2b27b08ff3aab9a885e7c167dcb6f8b49e4d44b4063,73247d2a426212859ed5573281c4fb0f1ac040983509226591035355f4d0fa68,73247d2a426212859ed5573281c4fb0f1ac040983509226591035355f4d0fa68-231a926b3ff4463f67e7621062be8a87471ee1c0313865f5136131d3d47ab930,9b209a8df4da4b8d1324a72922683c465c740844eef3302799083ed553935116-73247d2a426212859ed5573281c4fb0f1ac040983509226591035355f4d0fa68-231a926b3ff4463f67e7621062be8a87471ee1c0313865f5136131d3d47ab930,1
ad57366865126e55649ecb23ae1d48887544976efea46a48eb5d85a6eeb4d306,45297c633d331e6ac35169ebaaf75bc7fafd206ebb59ba4efd80566936e46eb0,2ae51b830ea8f460604c4356851b6a11d0037ddfc89e1364ceb9e0870c496f2a,73247d2a426212859ed5573281c4fb0f1ac040983509226591035355f4d0fa68,2ae51b830ea8f460604c4356851b6a11d0037ddfc89e1364ceb9e0870c496f2a,9b209a8df4da4b8d1324a72922683c465c740844eef3302799083ed553935116,57,346,3c2a0cf59cd5404e5fca0d371bf5e0e90dfa32aad052191ab078b70f7a555fca,72dfcfb0c470ac255cde83fb8fe38de8a128188e03ea5ba5b2a93adbea1062fa,73247d2a426212859ed5573281c4fb0f1ac040983509226591035355f4d0fa68,7b55ff3909574aab9b9e1c062220e4877499b4c11364fc156e4c02cf45619596,de5a6f78116eca62d7fc5ce159d23ae6b889b365a1739ad2cf36f925a140d0cc,213.10950674427866,249.81344970463,212,ebafc7f8530e495245bdfba503810ccef462ce7630766e7e1b9ec8dec07f160d,402419e92096bd4ab499de51bffcdcacb13eeb4b6452b327a334799ffd9f4df5,2ae51b830ea8f460604c4356851b6a11d0037ddfc89e1364ceb9e0870c496f2a-7b55ff3909574aab9b9e1c062220e4877499b4c11364fc156e4c02cf45619596,73247d2a426212859ed5573281c4fb0f1ac040983509226591035355f4d0fa68,73247d2a426212859ed5573281c4fb0f1ac040983509226591035355f4d0fa68-2ae51b830ea8f460604c4356851b6a11d0037ddfc89e1364ceb9e0870c496f2a,9b209a8df4da4b8d1324a72922683c465c740844eef3302799083ed553935116-73247d2a426212859ed5573281c4fb0f1ac040983509226591035355f4d0fa68-2ae51b830ea8f460604c4356851b6a11d0037ddfc89e1364ceb9e0870c496f2a,1
ad57366865126e55649ecb23ae1d48887544976efea46a48eb5d85a6eeb4d306,bb4d3bd125603e48cf30c795c427afd9da53f3a70482aa98ca3b8bbe1980d021,2de487e1af8b28123d8b782b00514c8941e03c581bcc77f07a0b61592a410d9a,73247d2a426212859ed5573281c4fb0f1ac040983509226591035355f4d0fa68,2de487e1af8b28123d8b782b00514c8941e03c581bcc77f07a0b61592a410d9a,9b209a8df4da4b8d1324a72922683c465c740844eef3302799083ed553935116,13,55,3c2a0cf59cd5404e5fca0d371bf5e0e90dfa32aad052191ab078b70f7a555fca,72dfcfb0c470ac255cde83fb8fe38de8a128188e03ea5ba5b2a93adbea1062fa,73247d2a426212859ed5573281c4fb0f1ac040983509226591035355f4d0fa68,d04d91d00df2fea524e1203d62d5ec3a65e6ac1a82d08906e25bedfbf7219232,de5a6f78116eca62d7fc5ce159d23ae6b889b365a1739ad2cf36f925a140d0cc,347.24299898857265,56.368908367592574,199,ebafc7f8530e495245bdfba503810ccef462ce7630766e7e1b9ec8dec07f160d,02cb6fa562753c7e2863d7f7251cff6d60435180f1b80156a5a220d591047b3b,2de487e1af8b28123d8b782b00514c8941e03c581bcc77f07a0b61592a410d9a-d04d91d00df2fea524e1203d62d5ec3a65e6ac1a82d08906e25bedfbf7219232,73247d2a426212859ed5573281c4fb0f1ac040983509226591035355f4d0fa68,73247d2a426212859ed5573281c4fb0f1ac040983509226591035355f4d0fa68-2de487e1af8b28123d8b782b00514c8941e03c581bcc77f07a0b61592a410d9a,9b209a8df4da4b8d1324a72922683c465c740844eef3302799083ed553935116-73247d2a426212859ed5573281c4fb0f1ac040983509226591035355f4d0fa68-2de487e1af8b28123d8b782b00514c8941e03c581bcc77f07a0b61592a410d9a,1
ad57366865126e55649ecb23ae1d48887544976efea46a48eb5d85a6eeb4d306,ad1f3889d0032e7c2791053060e4c044837353325fbd42cdeeef65638ed31c2a,315ba43a0ea20486d279d33df4f8368f02cd0137a12af4231f0226d9bbb63bac,73247d2a426212859ed5573281c4fb0f1ac040983509226591035355f4d0fa68,315ba43a0ea20486d279d33df4f8368f02cd0137a12af4231f0226d9bbb63bac,9b209a8df4da4b8d1324a72922683c465c740844eef3302799083ed553935116,329,181,3c2a0cf59cd5404e5fca0d371bf5e0e90dfa32aad052191ab078b70f7a555fca,72dfcfb0c470ac255cde83fb8fe38de8a128188e03ea5ba5b2a93adbea1062fa,73247d2a426212859ed5573281c4fb0f1ac040983509226591035355f4d0fa68,3bfa62190a37e9d13f1396db56a1ef4f1267602a7f3344f01da9e07b72d255a0,de5a6f78116eca62d7fc5ce159d23ae6b889b365a1739ad2cf36f925a140d0cc,129.09958419654933,208.01044756771904,70,ebafc7f8530e495245bdfba503810ccef462ce7630766e7e1b9ec8dec07f160d,a7c07c281fad3bc0dea584ddb53461ff7e09897f6ee7bf2e30110c9eff9a7d84,315ba43a0ea20486d279d33df4f8368f02cd0137a12af4231f0226d9bbb63bac-3bfa62190a37e9d13f1396db56a1ef4f1267602a7f3344f01da9e07b72d255a0,73247d2a426212859ed5573281c4fb0f1ac040983509226591035355f4d0fa68,73247d2a426212859ed5573281c4fb0f1ac040983509226591035355f4d0fa68-315ba43a0ea20486d279d33df4f8368f02cd0137a12af4231f0226d9bbb63bac,9b209a8df4da4b8d1324a72922683c465c740844eef3302799083ed553935116-73247d2a426212859ed5573281c4fb0f1ac040983509226591035355f4d0fa68-315ba43a0ea20486d279d33df4f8368f02cd0137a12af4231f0226d9bbb63bac,1
ad57366865126e55649ecb23ae1d48887544976efea46a48eb5d85a6eeb4d306,b53a7292b38e011dbe6efc79c22d028ddd364da2e6b9aa182915572742330ea9,3271d9c51bc7b088bdcf2487a136534404d61f016be7929c91fa09f79a1f312d,73247d2a426212859ed5573281c4fb0f1ac040983509226591035355f4d0fa68,3271d9c51bc7b088bdcf2487a136534404d61f016be7929c91fa09f79a1f312d,9b209a8df4da4b8d1324a72922683c465c740844eef3302799083ed553935116,384,484,3c2a0cf59cd5404e5fca0d371bf5e0e90dfa32aad052191ab078b70f7a555fca,72dfcfb0c470ac255cde83fb8fe38de8a128188e03ea5ba5b2a93adbea1062fa,73247d2a426212859ed5573281c4fb0f1ac040983509226591035355f4d0fa68,ffb43ab17cb88af75d58a6a4bbf6ae10b02ddcb56fdf70eab2b3d31108f7b859,de5a6f78116eca62d7fc5ce159d23ae6b889b365a1739ad2cf36f925a140d0cc,95.61619784639547,362.27563412565354,370,ebafc7f8530e495245bdfba503810ccef462ce7630766e7e1b9ec8dec07f160d,60dc1e3084d82b9597446ce0ef957b38dd037a4a7918f4056ebf5de67ae934ac,3271d9c51bc7b088bdcf2487a136534404d61f016be7929c91fa09f79a1f312d-ffb43ab17cb88af75d58a6a4bbf6ae10b02ddcb56fdf70eab2b3d31108f7b859,73247d2a426212859ed5573281c4fb0f1ac040983509226591035355f4d0fa68,73247d2a426212859ed5573281c4fb0f1ac040983509226591035355f4d0fa68-3271d9c51bc7b088bdcf2487a136534404d61f016be7929c91fa09f79a1f312d,9b209a8df4da4b8d1324a72922683c465c740844eef3302799083ed553935116-73247d2a426212859ed5573281c4fb0f1ac040983509226591035355f4d0fa68-3271d9c51bc7b088bdcf2487a136534404d61f016be7929c91fa09f79a1f312d,1
ad57366865126e55649ecb23ae1d48887544976efea46a48eb5d85a6eeb4d306,ad1f3889d0032e7c2791053060e4c044837353325fbd42cdeeef65638ed31c2a,364ff2a7c3a19723d81f9c4730204a811a12360b7d8c89558edc3b6870a3353d,73247d2a426212859ed5573281c4fb0f1ac040983509226591035355f4d0fa68,364ff2a7c3a19723d81f9c4730204a811a12360b7d8c89558edc3b6870a3353d,9b209a8df4da4b8d1324a72922683c465c740844eef3302799083ed553935116,492,149,3c2a0cf59cd5404e5fca0d371bf5e0e90dfa32aad052191ab078b70f7a555fca,72dfcfb0c470ac255cde83fb8fe38de8a128188e03ea5ba5b2a93adbea1062fa,73247d2a426212859ed5573281c4fb0f1ac040983509226591035355f4d0fa68,5651ad09563eee0f29e4aa56b9330930286ed7dd578ab7584e19625433eebe73,8de0b3c47f112c59745f717a626932264c422a7563954872e237b223af4ad643,53.342703572716324,214.2824181916539,319,ebafc7f8530e495245bdfba503810ccef462ce7630766e7e1b9ec8dec07f160d,a7c07c281fad3bc0dea584ddb53461ff7e09897f6ee7bf2e30110c9eff9a7d84,364ff2a7c3a19723d81f9c4730204a811a12360b7d8c89558edc3b6870a3353d-5651ad09563eee0f29e4aa56b9330930286ed7dd578ab7584e19625433eebe73,73247d2a426212859ed5573281c4fb0f1ac040983509226591035355f4d0fa68,73247d2a426212859ed5573281c4fb0f1ac040983509226591035355f4d0fa68-364ff2a7c3a19723d81f9c4730204a811a12360b7d8c89558edc3b6870a3353d,9b209a8df4da4b8d1324a72922683c465c740844eef3302799083ed553935116-73247d2a426212859ed5573281c4fb0f1ac040983509226591035355f4d0fa68-364ff2a7c3a19723d81f9c4730204a811a12360b7d8c89558edc3b6870a3353d,1
ad57366865126e55649ecb23ae1d48887544976efea46a48eb5d85a6eeb4d306,45297c633d331e6ac35169ebaaf75bc7fafd206ebb59ba4efd80566936e46eb0,5ccde239f1033cf45cb85da810ef77f4b4aeb8e8e40160ea47c4851e06d04176,73247d2a426212859ed5573281c4fb0f1ac040983509226591035355f4d0fa68,5ccde239f1033cf45cb85da810ef77f4b4aeb8e8e40160ea47c4851e06d04176,9b209a8df4da4b8d1324a72922683c465c740844eef3302799083ed553935116,83,130,3c2a0cf59cd5404e5fca0d371bf5e0e90dfa32aad052191ab078b70f7a555fca,72dfcfb0c470ac255cde83fb8fe38de8a128188e03ea5ba5b2a93adbea1062fa,73247d2a426212859ed5573281c4fb0f1ac040983509226591035355f4d0fa68,42705fdd27a55aa1126336afe564f1c00e8fd59f574cf233bfe1b0c544585c07,de5a6f78116eca62d7fc5ce159d23ae6b889b365a1739ad2cf36f925a140d0cc,452.3893492943534,202.5809081563521,29,ebafc7f8530e495245bdfba503810ccef462ce7630766e7e1b9ec8dec07f160d,402419e92096bd4ab499de51bffcdcacb13eeb4b6452b327a334799ffd9f4df5,5ccde239f1033cf45cb85da810ef77f4b4aeb8e8e40160ea47c4851e06d04176-42705fdd27a55aa1126336afe564f1c00e8fd59f574cf233bfe1b0c544585c07,73247d2a426212859ed5573281c4fb0f1ac040983509226591035355f4d0fa68,73247d2a426212859ed5573281c4fb0f1ac040983509226591035355f4d0fa68-5ccde239f1033cf45cb85da810ef77f4b4aeb8e8e40160ea47c4851e06d04176,9b209a8df4da4b8d1324a72922683c465c740844eef3302799083ed553935116-73247d2a426212859ed5573281c4fb0f1ac040983509226591035355f4d0fa68-5ccde239f1033cf45cb85da810ef77f4b4aeb8e8e40160ea47c4851e06d04176,1
ad57366865126e55649ecb23ae1d48887544976efea46a48eb5d85a6eeb4d306,cdbe4e7e26e3a55307dac9da65edc0d33fa6b54f79a83373cb997770856c23bd,6333521e4595bb1a2f6446c7ab48bd0a3c15d98008f4b1a81f6fa07d93ba1625,73247d2a426212859ed5573281c4fb0f1ac040983509226591035355f4d0fa68,6333521e4595bb1a2f6446c7ab48bd0a3c15d98008f4b1a81f6fa07d93ba1625,9b209a8df4da4b8d1324a72922683c465c740844eef3302799083ed553935116,25,150,3c2a0cf59cd5404e5fca0d371bf5e0e90dfa32aad052191ab078b70f7a555fca,72dfcfb0c470ac255cde83fb8fe38de8a128188e03ea5ba5b2a93adbea1062fa,73247d2a426212859ed5573281c4fb0f1ac040983509226591035355f4d0fa68,084504165b0775879a4a0c9b8dac6d58a0d205ab44be6d33fe4a96191f039a61,de5a6f78116eca62d7fc5ce159d23ae6b889b365a1739ad2cf36f925a140d0cc,104.37906667393909,33.87115854728355,249,ebafc7f8530e495245bdfba503810ccef462ce7630766e7e1b9ec8dec07f160d,da725d6642f4cdc8b53f3d4204e5bcf32ddeab78476736ec6c450271be6f0291,6333521e4595bb1a2f6446c7ab48bd0a3c15d98008f4b1a81f6fa07d93ba1625-084504165b0775879a4a0c9b8dac6d58a0d205ab44be6d33fe4a96191f039a61,73247d2a426212859ed5573281c4fb0f1ac040983509226591035355f4d0fa68,73247d2a426212859ed5573281c4fb0f1ac040983509226591035355f4d0fa68-6333521e4595bb1a2f6446c7ab48bd0a3c15d98008f4b1a81f6fa07d93ba1625,9b209a8df4da4b8d1324a72922683c465c740844eef3302799083ed553935116-73247d2a426212859ed5573281c4fb0f1ac040983509226591035355f4d0fa68-6333521e4595bb1a2f6446c7ab48bd0a3c15d98008f4b1a81f6fa07d93ba1625,1
ad57366865126e55649ecb23ae1d48887544976efea46a48eb5d85a6eeb4d306,051c2e380d07844ffaca43743957f8c0efe2bdf74c6c1e6a9dcccb8d1a3c596b,6421012d9aa435ebb031d438ecfd07b5e55736ecee2301ec4bbf421441f1619b,73247d2a426212859ed5573281c4fb0f1ac040983509226591035355f4d0fa68,6421012d9aa435ebb031d438ecfd07b5e55736ecee2301ec4bbf421441f1619b,9b209a8df4da4b8d1324a72922683c465c740844eef3302799083ed553935116,450,486,3c2a0cf59cd5404e5fca0d371bf5e0e90dfa32aad052191ab078b70f7a555fca,72dfcfb0c470ac255cde83fb8fe38de8a128188e03ea5ba5b2a93adbea1062fa,73247d2a426212859ed5573281c4fb0f1ac040983509226591035355f4d0fa68,e6bc3e8278d17c3feb3bfb86c39f2f94a81d1fe74b03acaa375f955ca430b14c,de5a6f78116eca62d7fc5ce159d23ae6b889b365a1739ad2cf36f925a140d0cc,113.71082876735328,406.31763286358404,339,ebafc7f8530e495245bdfba503810ccef462ce7630766e7e1b9ec8dec07f160d,57d4846cecee3fddcb443137723fd1b46d56e64331634ef3c922b72e57f3388e,6421012d9aa435ebb031d438ecfd07b5e55736ecee2301ec4bbf421441f1619b-e6bc3e8278d17c3feb3bfb86c39f2f94a81d1fe74b03acaa375f955ca430b14c,73247d2a426212859ed5573281c4fb0f1ac040983509226591035355f4d0fa68,73247d2a426212859ed5573281c4fb0f1ac040983509226591035355f4d0fa68-6421012d9aa435ebb031d438ecfd07b5e55736ecee2301ec4bbf421441f1619b,9b209a8df4da4b8d1324a72922683c465c740844eef3302799083ed553935116-73247d2a426212859ed5573281c4fb0f1ac040983509226591035355f4d0fa68-6421012d9aa435ebb031d438ecfd07b5e55736ecee2301ec4bbf421441f1619b,1
ad57366865126e55649ecb23ae1d48887544976efea46a48eb5d85a6eeb4d306,1fdc5156dff53e1ed8febfd0bfdfeedba271cde3e7bae67acd44e715a1badc78,675ed052ee32ca0392b8a37b4aa5a22eaa5a10d76d92cae329674b5b2933f6b3,73247d2a426212859ed5573281c4fb0f1ac040983509226591035355f4d0fa68,675ed052ee32ca0392b8a37b4aa5a22eaa5a10d76d92cae329674b5b2933f6b3,9b209a8df4da4b8d1324a72922683c465c740844eef3302799083ed553935116,263,152,3c2a0cf59cd5404e5fca0d371bf5e0e90dfa32aad052191ab078b70f7a555fca,72dfcfb0c470ac255cde83fb8fe38de8a128188e03ea5ba5b2a93adbea1062fa,73247d2a426212859ed5573281c4fb0f1ac040983509226591035355f4d0fa68,7b7acb97bcb43da703d82556802afac266ef325ebccfd72faf28303e84710ee5,8de0b3c47f112c59745f717a626932264c422a7563954872e237b223af4ad643,244.82309468293792,248.74867892263805,217,ebafc7f8530e495245bdfba503810ccef462ce7630766e7e1b9ec8dec07f160d,b1c8e861eaedb266534aeb5805fdc9c2d79832e1298838d23d5fe8e752fa9efd,675ed052ee32ca0392b8a37b4aa5a22eaa5a10d76d92cae329674b5b2933f6b3-7b7acb97bcb43da703d82556802afac266ef325ebccfd72faf28303e84710ee5,73247d2a426212859ed5573281c4fb0f1ac040983509226591035355f4d0fa68,73247d2a426212859ed5573281c4fb0f1ac040983509226591035355f4d0fa68-675ed052ee32ca0392b8a37b4aa5a22eaa5a10d76d92cae329674b5b2933f6b3,9b209a8df4da4b8d1324a72922683c465c740844eef3302799083ed553935116-73247d2a426212859ed5573281c4fb0f1ac040983509226591035355f4d0fa68-675ed052ee32ca0392b8a37b4aa5a22eaa5a10d76d92cae329674b5b2933f6b3,1
ad57366865126e55649ecb23ae1d48887544976efea46a48eb5d85a6eeb4d306,e04f202d6cfd37111173ad142378f21694deda7d378043a89b96bc03adabdbe9,7f6aae7355faebbb97a0b82fbce9bbeaacdd95c0815f7f32dca2c0d1390be2f0,73247d2a426212859ed5573281c4fb0f1ac040983509226591035355f4d0fa68,7f6aae7355faebbb97a0b82fbce9bbeaacdd95c0815f7f32dca2c0d1390be2f0,9b209a8df4da4b8d1324a72922683c465c740844eef3302799083ed553935116,131,155,3c2a0cf59cd5404e5fca0d371bf5e0e90dfa32aad052191ab078b70f7a555fca,72dfcfb0c470ac255cde83fb8fe38de8a128188e03ea5ba5b2a93adbea1062fa,73247d2a426212859ed5573281c4fb0f1ac040983509226591035355f4d0fa68,1de1aba60d56f39389de5c4f79705e978c6626a28ad7e5a5abb6ed764a90d8bc,de5a6f78116eca62d7fc5ce159d23ae6b889b365a1739ad2cf36f925a140d0cc,83.60309825458562,201.09942933414607,93,ebafc7f8530e495245bdfba503810ccef462ce7630766e7e1b9ec8dec07f160d,0abb67b9c428e4149fd08e155224455ba24147561066930915e3b9e9708d0a95,7f6aae7355faebbb97a0b82fbce9bbeaacdd95c0815f7f32dca2c0d1390be2f0-1de1aba60d56f39389de5c4f79705e978c6626a28ad7e5a5abb6ed764a90d8bc,73247d2a426212859ed5573281c4fb0f1ac040983509226591035355f4d0fa68,73247d2a426212859ed5573281c4fb0f1ac040983509226591035355f4d0fa68-7f6aae7355faebbb97a0b82fbce9bbeaacdd95c0815f7f32dca2c0d1390be2f0,9b209a8df4da4b8d1324a72922683c465c740844eef3302799083ed553935116-73247d2a426212859ed5573281c4fb0f1ac040983509226591035355f4d0fa68-7f6aae7355faebbb97a0b82fbce9bbeaacdd95c0815f7f32dca2c0d1390be2f0,1
ad57366865126e55649ecb23ae1d48887544976efea46a48eb5d85a6eeb4d306,5cd5e6e836cd713686bd2ccc7a5626db84a4c23f91d00d02eaed726d9f5b7220,89cb7db642ae68577f88603888a222e7283508a50f7be1075830f37bac573b45,73247d2a426212859ed5573281c4fb0f1ac040983509226591035355f4d0fa68,89cb7db642ae68577f88603888a222e7283508a50f7be1075830f37bac573b45,9b209a8df4da4b8d1324a72922683c465c740844eef3302799083ed553935116,99,147,3c2a0cf59cd5404e5fca0d371bf5e0e90dfa32aad052191ab078b70f7a555fca,72dfcfb0c470ac255cde83fb8fe38de8a128188e03ea5ba5b2a93adbea1062fa,73247d2a426212859ed5573281c4fb0f1ac040983509226591035355f4d0fa68,b982d7ebca1ea21a2d427983da88ad1b8a692109024155ecb460703f25544a4e,de5a6f78116eca62d7fc5ce159d23ae6b889b365a1739ad2cf36f925a140d0cc,455.5658804356179,103.58618775276658,34,ebafc7f8530e495245bdfba503810ccef462ce7630766e7e1b9ec8dec07f160d,41bc91bead554f763dfa55afcee5d512a8fb61e62e7c06c6694bca1771fa0884,89cb7db642ae68577f88603888a222e7283508a50f7be1075830f37bac573b45-b982d7ebca1ea21a2d427983da88ad1b8a692109024155ecb460703f25544a4e,73247d2a426212859ed5573281c4fb0f1ac040983509226591035355f4d0fa68,73247d2a426212859ed5573281c4fb0f1ac040983509226591035355f4d0fa68-89cb7db642ae68577f88603888a222e7283508a50f7be1075830f37bac573b45,9b209a8df4da4b8d1324a72922683c465c740844eef3302799083ed553935116-73247d2a426212859ed5573281c4fb0f1ac040983509226591035355f4d0fa68-89cb7db642ae68577f88603888a222e7283508a50f7be1075830f37bac573b45,1
ad57366865126e55649ecb23ae1d48887544976efea46a48eb5d85a6eeb4d306,ad1f3889d0032e7c2791053060e4c044837353325fbd42cdeeef65638ed31c2a,8b1015ceb27451a929a8463580c8e0e3b51788907ea5c38bed077d60e53b687d,73247d2a426212859ed5573281c4fb0f1ac040983509226591035355f4d0fa68,8b1015ceb27451a929a8463580c8e0e3b51788907ea5c38bed077d60e53b687d,9b209a8df4da4b8d1324a72922683c465c740844eef3302799083ed553935116,299,224,3c2a0cf59cd5404e5fca0d371bf5e0e90dfa32aad052191ab078b70f7a555fca,72dfcfb0c470ac255cde83fb8fe38de8a128188e03ea5ba5b2a93adbea1062fa,73247d2a426212859ed5573281c4fb0f1ac040983509226591035355f4d0fa68,83bfbe8fab25490a7a964ffc168ad86ece2feac0ef7b1b30e0f2166b6e417d55,de5a6f78116eca62d7fc5ce159d23ae6b889b365a1739ad2cf36f925a140d0cc,233.37519954424255,309.58944916570925,474,ebafc7f8530e495245bdfba503810ccef462ce7630766e7e1b9ec8dec07f160d,a7c07c281fad3bc0dea584ddb53461ff7e09897f6ee7bf2e30110c9eff9a7d84,8b1015ceb27451a929a8463580c8e0e3b51788907ea5c38bed077d60e53b687d-83bfbe8fab25490a7a964ffc168ad86ece2feac0ef7b1b30e0f2166b6e417d55,73247d2a426212859ed5573281c4fb0f1ac040983509226591035355f4d0fa68,73247d2a426212859ed5573281c4fb0f1ac040983509226591035355f4d0fa68-8b1015ceb27451a929a8463580c8e0e3b51788907ea5c38bed077d60e53b687d,9b209a8df4da4b8d1324a72922683c465c740844eef3302799083ed553935116-73247d2a426212859ed5573281c4fb0f1ac040983509226591035355f4d0fa68-8b1015ceb27451a929a8463580c8e0e3b51788907ea5c38bed077d60e53b687d,1
ad57366865126e55649ecb23ae1d48887544976efea46a48eb5d85a6eeb4d306,ad1f3889d0032e7c2791053060e4c044837353325fbd42cdeeef65638ed31c2a,8bedf33ebb8eab4f18d4953de3b40fb8fddd852e7ec840ac90e64b057dcd7713,73247d2a426212859ed5573281c4fb0f1ac040983509226591035355f4d0fa68,8bedf33ebb8eab4f18d4953de3b40fb8fddd852e7ec840ac90e64b057dcd7713,9b209a8df4da4b8d1324a72922683c465c740844eef3302799083ed553935116,345,463,3c2a0cf59cd5404e5fca0d371bf5e0e90dfa32aad052191ab078b70f7a555fca,72dfcfb0c470ac255cde83fb8fe38de8a128188e03ea5ba5b2a93adbea1062fa,73247d2a426212859ed5573281c4fb0f1ac040983509226591035355f4d0fa68,e3b6ff1604832a42a3f18547fe6b4578865467238c1bec044dfb7855735cafee,8de0b3c47f112c59745f717a626932264c422a7563954872e237b223af4ad643,378.55951549774164,383.54589091148085,367,ebafc7f8530e495245bdfba503810ccef462ce7630766e7e1b9ec8dec07f160d,a7c07c281fad3bc0dea584ddb53461ff7e09897f6ee7bf2e30110c9eff9a7d84,8bedf33ebb8eab4f18d4953de3b40fb8fddd852e7ec840ac90e64b057dcd7713-e3b6ff1604832a42a3f18547fe6b4578865467238c1bec044dfb7855735cafee,73247d2a426212859ed5573281c4fb0f1ac040983509226591035355f4d0fa68,73247d2a426212859ed5573281c4fb0f1ac040983509226591035355f4d0fa68-8bedf33ebb8eab4f18d4953de3b40fb8fddd852e7ec840ac90e64b057dcd7713,9b209a8df4da4b8d1324a72922683c465c740844eef3302799083ed553935116-73247d2a426212859ed5573281c4fb0f1ac040983509226591035355f4d0fa68-8bedf33ebb8eab4f18d4953de3b40fb8fddd852e7ec840ac90e64b057dcd7713,1
ad57366865126e55649ecb23ae1d48887544976efea46a48eb5d85a6eeb4d306,bb4d3bd125603e48cf30c795c427afd9da53f3a70482aa98ca3b8bbe1980d021,9eed9066a7906bfe111eceec3689ce91f21100f99b4a8495bb222d50cf4f68b2,73247d2a426212859ed5573281c4fb0f1ac040983509226591035355f4d0fa68,9eed9066a7906bfe111eceec3689ce91f21100f99b4a8495bb222d50cf4f68b2,9b209a8df4da4b8d1324a72922683c465c740844eef3302799083ed553935116,144,253,3c2a0cf59cd5404e5fca0d371bf5e0e90dfa32aad052191ab078b70f7a555fca,72dfcfb0c470ac255cde83fb8fe38de8a128188e03ea5ba5b2a93adbea1062fa,73247d2a426212859ed5573281c4fb0f1ac040983509226591035355f4d0fa68,a7d556a5242f307c541f24ba9a403a0cedeb1c784e4f6d23e5c884439b0d12fc,de5a6f78116eca62d7fc5ce159d23ae6b889b365a1739ad2cf36f925a140d0cc,267.0414224575963,224.80653216427365,317,ebafc7f8530e495245bdfba503810ccef462ce7630766e7e1b9ec8dec07f160d,02cb6fa562753c7e2863d7f7251cff6d60435180f1b80156a5a220d591047b3b,9eed9066a7906bfe111eceec3689ce91f21100f99b4a8495bb222d50cf4f68b2-a7d556a5242f307c541f24ba9a403a0cedeb1c784e4f6d23e5c884439b0d12fc,73247d2a426212859ed5573281c4fb0f1ac040983509226591035355f4d0fa68,73247d2a426212859ed5573281c4fb0f1ac040983509226591035355f4d0fa68-9eed9066a7906bfe111eceec3689ce91f21100f99b4a8495bb222d50cf4f68b2,9b209a8df4da4b8d1324a72922683c465c740844eef3302799083ed553935116-73247d2a426212859ed5573281c4fb0f1ac040983509226591035355f4d0fa68-9eed9066a7906bfe111eceec3689ce91f21100f99b4a8495bb222d50cf4f68b2,1
ad57366865126e55649ecb23ae1d48887544976efea46a48eb5d85a6eeb4d306,ad1f3889d0032e7c2791053060e4c044837353325fbd42cdeeef65638ed31c2a,a22ddcb044f9852deccf0b6621853fa88cc9c75832b1edd79c08419db45d410a,73247d2a426212859ed5573281c4fb0f1ac040983509226591035355f4d0fa68,a22ddcb044f9852deccf0b6621853fa88cc9c75832b1edd79c08419db45d410a,9b209a8df4da4b8d1324a72922683c465c740844eef3302799083ed553935116,436,401,3c2a0cf59cd5404e5fca0d371bf5e0e90dfa32aad052191ab078b70f7a555fca,72dfcfb0c470ac255cde83fb8fe38de8a128188e03ea5ba5b2a93adbea1062fa,73247d2a426212859ed5573281c4fb0f1ac040983509226591035355f4d0fa68,c5a8804d4aa2de4267f21b63935656f1c18362a2ad7cce856c8039e48cf3bfe7,de5a6f78116eca62d7fc5ce159d23ae6b889b365a1739ad2cf36f925a140d0cc,116.56627989787316,63.35335723729536,480,ebafc7f8530e495245bdfba503810ccef462ce7630766e7e1b9ec8dec07f160d,a7c07c281fad3bc0dea584ddb53461ff7e09897f6ee7bf2e30110c9eff9a7d84,a22ddcb044f9852deccf0b6621853fa88cc9c75832b1edd79c08419db45d410a-c5a8804d4aa2de4267f21b63935656f1c18362a2ad7cce856c8039e48cf3bfe7,73247d2a426212859ed5573281c4fb0f1ac040983509226591035355f4d0fa68,73247d2a426212859ed5573281c4fb0f1ac040983509226591035355f4d0fa68-a22ddcb044f9852deccf0b6621853fa88cc9c75832b1edd79c08419db45d410a,9b209a8df4da4b8d1324a72922683c465c740844eef3302799083ed553935116-73247d2a426212859ed5573281c4fb0f1ac040983509226591035355f4d0fa68-a22ddcb044f9852deccf0b6621853fa88cc9c75832b1edd79c08419db45d410a,1
ad57366865126e55649ecb23ae1d48887544976efea46a48eb5d85a6eeb4d306,a64332fe1df1790cb79d428bf5b5767ddd589b1cca825cb1b9eb30f7e9aaee03,b23c0b06c125b17904c69fccff17e4c88dc06e9deb39fc02b71beb2bc8e5c9ab,73247d2a426212859ed5573281c4fb0f1ac040983509226591035355f4d0fa68,b23c0b06c125b17904c69fccff17e4c88dc06e9deb39fc02b71beb2bc8e5c9ab,9b209a8df4da4b8d1324a72922683c465c740844eef3302799083ed553935116,71,333,3c2a0cf59cd5404e5fca0d371bf5e0e90dfa32aad052191ab078b70f7a555fca,72dfcfb0c470ac255cde83fb8fe38de8a128188e03ea5ba5b2a93adbea1062fa,73247d2a426212859ed5573281c4fb0f1ac040983509226591035355f4d0fa68,3e049d78d958038ac6bd5dcf038075cc73362b4956aaf7308c3a69c8eca76297,de5a6f78116eca62d7fc5ce159d23ae6b889b365a1739ad2cf36f925a140d0cc,426.87910561994187,268.601595322797,143,ebafc7f8530e495245bdfba503810ccef462ce7630766e7e1b9ec8dec07f160d,91d1610afff50742a26438a8a00573e713a2095d90af383377adf08cf93502e8,b23c0b06c125b17904c69fccff17e4c88dc06e9deb39fc02b71beb2bc8e5c9ab-3e049d78d958038ac6bd5dcf038075cc73362b4956aaf7308c3a69c8eca76297,73247d2a426212859ed5573281c4fb0f1ac040983509226591035355f4d0fa68,73247d2a426212859ed5573281c4fb0f1ac040983509226591035355f4d0fa68-b23c0b06c125b17904c69fccff17e4c88dc06e9deb39fc02b71beb2bc8e5c9ab,9b209a8df4da4b8d1324a72922683c465c740844eef3302799083ed553935116-73247d2a426212859ed5573281c4fb0f1ac040983509226591035355f4d0fa68-b23c0b06c125b17904c69fccff17e4c88dc06e9deb39fc02b71beb2bc8e5c9ab,1
ad57366865126e55649ecb23ae1d48887544976efea46a48eb5d85a6eeb4d306,40510175845988f13f6162ed8526f0b09f73384467fa855e1e79b44a56562a58,b279a26b265db41d4ce9592252d43f50c8d5ea883f105cc6404ee46a70b7aa46,73247d2a426212859ed5573281c4fb0f1ac040983509226591035355f4d0fa68,b279a26b265db41d4ce9592252d43f50c8d5ea883f105cc6404ee46a70b7aa46,9b209a8df4da4b8d1324a72922683c465c740844eef3302799083ed553935116,302,185,3c2a0cf59cd5404e5fca0d371bf5e0e90dfa32aad052191ab078b70f7a555fca,72dfcfb0c470ac255cde83fb8fe38de8a128188e03ea5ba5b2a93adbea1062fa,73247d2a426212859ed5573281c4fb0f1ac040983509226591035355f4d0fa68,0a62143289780dcfcdcff2802394a92bedfe7d219d9021a9da3e325cd5a70b74,8de0b3c47f112c59745f717a626932264c422a7563954872e237b223af4ad643,366.35445339466037,18.23569477318015,412,ebafc7f8530e495245bdfba503810ccef462ce7630766e7e1b9ec8dec07f160d,a26cdf3a6e709124385d4d7eb9bff6b897a58ed5597fbab779b89849dbe81b21,b279a26b265db41d4ce9592252d43f50c8d5ea883f105cc6404ee46a70b7aa46-0a62143289780dcfcdcff2802394a92bedfe7d219d9021a9da3e325cd5a70b74,73247d2a426212859ed5573281c4fb0f1ac040983509226591035355f4d0fa68,73247d2a426212859ed5573281c4fb0f1ac040983509226591035355f4d0fa68-b279a26b265db41d4ce9592252d43f50c8d5ea883f105cc6404ee46a70b7aa46,9b209a8df4da4b8d1324a72922683c465c740844eef3302799083ed553935116-73247d2a426212859ed5573281c4fb0f1ac040983509226591035355f4d0fa68-b279a26b265db41d4ce9592252d43f50c8d5ea883f105cc6404ee46a70b7aa46,1
ad57366865126e55649ecb23ae1d48887544976efea46a48eb5d85a6eeb4d306,40510175845988f13f6162ed8526f0b09f73384467fa855e1e79b44a56562a58,b8f7ec3087ebe63052a25d3569c58c26715b483b6cc72cd5920ed56a0a5ed4b3,73247d2a426212859ed5573281c4fb0f1ac040983509226591035355f4d0fa68,b8f7ec3087ebe63052a25d3569c58c26715b483b6cc72cd5920ed56a0a5ed4b3,9b209a8df4da4b8d1324a72922683c465c740844eef3302799083ed553935116,359,199,3c2a0cf59cd5404e5fca0d371bf5e0e90dfa32aad052191ab078b70f7a555fca,72dfcfb0c470ac255cde83fb8fe38de8a128188e03ea5ba5b2a93adbea1062fa,73247d2a426212859ed5573281c4fb0f1ac040983509226591035355f4d0fa68,419abad00cd0a990df21b5b171550a3c318ccd38a9d2d1190a028e105a6eede2,de5a6f78116eca62d7fc5ce159d23ae6b889b365a1739ad2cf36f925a140d0cc,476.42372577303735,233.67437525391225,483,ebafc7f8530e495245bdfba503810ccef462ce7630766e7e1b9ec8dec07f160d,a26cdf3a6e709124385d4d7eb9bff6b897a58ed5597fbab779b89849dbe81b21,b8f7ec3087ebe63052a25d3569c58c26715b483b6cc72cd5920ed56a0a5ed4b3-419abad00cd0a990df21b5b171550a3c318ccd38a9d2d1190a028e105a6eede2,73247d2a426212859ed5573281c4fb0f1ac040983509226591035355f4d0fa68,73247d2a426212859ed5573281c4fb0f1ac040983509226591035355f4d0fa68-b8f7ec3087ebe63052a25d3569c58c26715b483b6cc72cd5920ed56a0a5ed4b3,9b209a8df4da4b8d1324a72922683c465c740844eef3302799083ed553935116-73247d2a426212859ed5573281c4fb0f1ac040983509226591035355f4d0fa68-b8f7ec3087ebe63052a25d3569c58c26715b483b6cc72cd5920ed56a0a5ed4b3,1
ad57366865126e55649ecb23ae1d48887544976efea46a48eb5d85a6eeb4d306,202fd26f14d638ccb40975163ab0f05e1acf24c04a30708b3e0abfac44301a08,c279dce4b81382f7d11c4e6e44e83351b9fc103af567cbfae4c0607175029d44,73247d2a426212859ed5573281c4fb0f1ac040983509226591035355f4d0fa68,c279dce4b81382f7d11c4e6e44e83351b9fc103af567cbfae4c0607175029d44,9b209a8df4da4b8d1324a72922683c465c740844eef3302799083ed553935116,479,432,3c2a0cf59cd5404e5fca0d371bf5e0e90dfa32aad052191ab078b70f7a555fca,72dfcfb0c470ac255cde83fb8fe38de8a128188e03ea5ba5b2a93adbea1062fa,73247d2a426212859ed5573281c4fb0f1ac040983509226591035355f4d0fa68,05a13409dbddcebe3b7edcb3cfef092a98236e5bbdd880c634bb8ad7a0e9bb8e,de5a6f78116eca62d7fc5ce159d23ae6b889b365a1739ad2cf36f925a140d0cc,285.62746132124647,218.77167943606375,468,ebafc7f8530e495245bdfba503810ccef462ce7630766e7e1b9ec8dec07f160d,c529aa55a13908b476bf52b299e65a8ca0f4190406b0bf88c7fefed105317a02,c279dce4b81382f7d11c4e6e44e83351b9fc103af567cbfae4c0607175029d44-05a13409dbddcebe3b7edcb3cfef092a98236e5bbdd880c634bb8ad7a0e9bb8e,73247d2a426212859ed5573281c4fb0f1ac040983509226591035355f4d0fa68,73247d2a426212859ed5573281c4fb0f1ac040983509226591035355f4d0fa68-c279dce4b81382f7d11c4e6e44e83351b9fc103af567cbfae4c0607175029d44,9b209a8df4da4b8d1324a72922683c465c740844eef3302799083ed553935116-73247d2a426212859ed5573281c4fb0f1ac040983509226591035355f4d0fa68-c279dce4b81382f7d11c4e6e44e83351b9fc103af567cbfae4c0607175029d44,1
ad57366865126e55649ecb23ae1d48887544976efea46a48eb5d85a6eeb4d306,5cd5e6e836cd713686bd2ccc7a5626db84a4c23f91d00d02eaed726d9f5b7220,d0e1cc9275fef10b2d761c4984a3981260d530432d035b8755246840cc995747,73247d2a426212859ed5573281c4fb0f1ac040983509226591035355f4d0fa68,d0e1cc9275fef10b2d761c4984a3981260d530432d035b8755246840cc995747,9b209a8df4da4b8d1324a72922683c465c740844eef3302799083ed553935116,214,266,3c2a0cf59cd5404e5fca0d371bf5e0e90dfa32aad052191ab078b70f7a555fca,72dfcfb0c470ac255cde83fb8fe38de8a128188e03ea5ba5b2a93adbea1062fa,73247d2a426212859ed5573281c4fb0f1ac040983509226591035355f4d0fa68,b982d7ebca1ea21a2d427983da88ad1b8a692109024155ecb460703f25544a4e,de5a6f78116eca62d7fc5ce159d23ae6b889b365a1739ad2cf36f925a140d0cc,275.492109066252,479.3293689325981,186,ebafc7f8530e495245bdfba503810ccef462ce7630766e7e1b9ec8dec07f160d,41bc91bead554f763dfa55afcee5d512a8fb61e62e7c06c6694bca1771fa0884,d0e1cc9275fef10b2d761c4984a3981260d530432d035b8755246840cc995747-b982d7ebca1ea21a2d427983da88ad1b8a692109024155ecb460703f25544a4e,73247d2a426212859ed5573281c4fb0f1ac040983509226591035355f4d0fa68,73247d2a426212859ed5573281c4fb0f1ac040983509226591035355f4d0fa68-d0e1cc9275fef10b2d761c4984a3981260d530432d035b8755246840cc995747,9b209a8df4da4b8d1324a72922683c465c740844eef3302799083ed553935116-73247d2a426212859ed5573281c4fb0f1ac040983509226591035355f4d0fa68-d0e1cc9275fef10b2d761c4984a3981260d530432d035b8755246840cc995747,1
ad57366865126e55649ecb23ae1d48887544976efea46a48eb5d85a6eeb4d306,40510175845988f13f6162ed8526f0b09f73384467fa855e1e79b44a56562a58,d1a502f290368a4fddf2ba3fc2c6595712e7438dafca7bae290b76d197efc6df,73247d2a426212859ed5573281c4fb0f1ac040983509226591035355f4d0fa68,d1a502f290368a4fddf2ba3fc2c6595712e7438dafca7bae290b76d197efc6df,9b209a8df4da4b8d1324a72922683c465c740844eef3302799083ed553935116,108,121,3c2a0cf59cd5404e5fca0d371bf5e0e90dfa32aad052191ab078b70f7a555fca,72dfcfb0c470ac255cde83fb8fe38de8a128188e03ea5ba5b2a93adbea1062fa,73247d2a426212859ed5573281c4fb0f1ac040983509226591035355f4d0fa68,76c3e7312f9e533d8bd5950f40894b43bf8f6537d90098256488c3c526a380db,de5a6f78116eca62d7fc5ce159d23ae6b889b365a1739ad2cf36f925a140d0cc,12.745005170687714,148.1927257773258,444,ebafc7f8530e495245bdfba503810ccef462ce7630766e7e1b9ec8dec07f160d,a26cdf3a6e709124385d4d7eb9bff6b897a58ed5597fbab779b89849dbe81b21,d1a502f290368a4fddf2ba3fc2c6595712e7438dafca7bae290b76d197efc6df-76c3e7312f9e533d8bd5950f40894b43bf8f6537d90098256488c3c526a380db,73247d2a426212859ed5573281c4fb0f1ac040983509226591035355f4d0fa68,73247d2a426212859ed5573281c4fb0f1ac040983509226591035355f4d0fa68-d1a502f290368a4fddf2ba3fc2c6595712e7438dafca7bae290b76d197efc6df,9b209a8df4da4b8d1324a72922683c465c740844eef3302799083ed553935116-73247d2a426212859ed5573281c4fb0f1ac040983509226591035355f4d0fa68-d1a502f290368a4fddf2ba3fc2c6595712e7438dafca7bae290b76d197efc6df,1
ad57366865126e55649ecb23ae1d48887544976efea46a48eb5d85a6eeb4d306,d8d0dedb4bda4204d0b5e1de5a990a00757aa2d80a64bd97699cad3b3d6fbf5f,d224abab6ebe3409d53027aa0f341be71af02954204474f314839105deeed771,73247d2a426212859ed5573281c4fb0f1ac040983509226591035355f4d0fa68,d224abab6ebe3409d53027aa0f341be71af02954204474f314839105deeed771,9b209a8df4da4b8d1324a72922683c465c740844eef3302799083ed553935116,466,318,3c2a0cf59cd5404e5fca0d371bf5e0e90dfa32aad052191ab078b70f7a555fca,72dfcfb0c470ac255cde83fb8fe38de8a128188e03ea5ba5b2a93adbea1062fa,73247d2a426212859ed5573281c4fb0f1ac040983509226591035355f4d0fa68,9698d1a589174924774f619802a6d7b1777c52824ac6cc2a19581e7445d6472a,de5a6f78116eca62d7fc5ce159d23ae6b889b365a1739ad2cf36f925a140d0cc,17.40883869355781,211.26816383259734,453,ebafc7f8530e495245bdfba503810ccef462ce7630766e7e1b9ec8dec07f160d,78bc8448cb3e1be847ed5c6e651fe78575d28cda36c4e53664a9917d332157b9,d224abab6ebe3409d53027aa0f341be71af02954204474f314839105deeed771-9698d1a589174924774f619802a6d7b1777c52824ac6cc2a19581e7445d6472a,73247d2a426212859ed5573281c4fb0f1ac040983509226591035355f4d0fa68,73247d2a426212859ed5573281c4fb0f1ac040983509226591035355f4d0fa68-d224abab6ebe3409d53027aa0f341be71af02954204474f314839105deeed771,9b209a8df4da4b8d1324a72922683c465c740844eef3302799083ed553935116-73247d2a426212859ed5573281c4fb0f1ac040983509226591035355f4d0fa68-d224abab6ebe3409d53027aa0f341be71af02954204474f314839105deeed771,1
ad57366865126e55649ecb23ae1d48887544976efea46a48eb5d85a6eeb4d306,9e0bc0a9aa374eab9ae10383ab67c9fadb1e2aa69a1d54555a7dff0670678bda,dda564742daf48d61651daeb6c6b8fde8ad9dd31db4e58747f2efd82c386f603,73247d2a426212859ed5573281c4fb0f1ac040983509226591035355f4d0fa68,dda564742daf48d61651daeb6c6b8fde8ad9dd31db4e58747f2efd82c386f603,9b209a8df4da4b8d1324a72922683c465c740844eef3302799083ed553935116,217,123,3c2a0cf59cd5404e5fca0d371bf5e0e90dfa32aad052191ab078b70f7a555fca,72dfcfb0c470ac255cde83fb8fe38de8a128188e03ea5ba5b2a93adbea1062fa,73247d2a426212859ed5573281c4fb0f1ac040983509226591035355f4d0fa68,ea00d0d935170dc15de3533d00cb1f7bdc8c296532c15646d135b02282414ba6,de5a6f78116eca62d7fc5ce159d23ae6b889b365a1739ad2cf36f925a140d0cc,241.9290455483822,448.9004857838282,110,ebafc7f8530e495245bdfba503810ccef462ce7630766e7e1b9ec8dec07f160d,57d4846cecee3fddcb443137723fd1b46d56e64331634ef3c922b72e57f3388e,dda564742daf48d61651daeb6c6b8fde8ad9dd31db4e58747f2efd82c386f603-ea00d0d935170dc15de3533d00cb1f7bdc8c296532c15646d135b02282414ba6,73247d2a426212859ed5573281c4fb0f1ac040983509226591035355f4d0fa68,73247d2a426212859ed5573281c4fb0f1ac040983509226591035355f4d0fa68-dda564742daf48d61651daeb6c6b8fde8ad9dd31db4e58747f2efd82c386f603,9b209a8df4da4b8d1324a72922683c465c740844eef3302799083ed553935116-73247d2a426212859ed5573281c4fb0f1ac040983509226591035355f4d0fa68-dda564742daf48d61651daeb6c6b8fde8ad9dd31db4e58747f2efd82c386f603,1
ad57366865126e55649ecb23ae1d48887544976efea46a48eb5d85a6eeb4d306,431688497f68c837444127cbac14cadba2a943709304af1da765781f49e02ac8,e4441e009231d4d476cd8a15cac930212bde74128d02fc1990543461cf6abe8c,73247d2a426212859ed5573281c4fb0f1ac040983509226591035355f4d0fa68,e4441e009231d4d476cd8a15cac930212bde74128d02fc1990543461cf6abe8c,9b209a8df4da4b8d1324a72922683c465c740844eef3302799083ed553935116,350,204,3c2a0cf59cd5404e5fca0d371bf5e0e90dfa32aad052191ab078b70f7a555fca,72dfcfb0c470ac255cde83fb8fe38de8a128188e03ea5ba5b2a93adbea1062fa,73247d2a426212859ed5573281c4fb0f1ac040983509226591035355f4d0fa68,0f24aad0225bcd1b36db734018509f97f29e6de79f2ab434f83471934b140e21,de5a6f78116eca62d7fc5ce159d23ae6b889b365a1739ad2cf36f925a140d0cc,444.4015639724312,34.01768930583117,233,ebafc7f8530e495245bdfba503810ccef462ce7630766e7e1b9ec8dec07f160d,4d8e4d22a600e2c7ed479322b9abbca3048a3549fa85cca2be447378f1d12303,e4441e009231d4d476cd8a15cac930212bde74128d02fc1990543461cf6abe8c-0f24aad0225bcd1b36db734018509f97f29e6de79f2ab434f83471934b140e21,73247d2a426212859ed5573281c4fb0f1ac040983509226591035355f4d0fa68,73247d2a426212859ed5573281c4fb0f1ac040983509226591035355f4d0fa68-e4441e009231d4d476cd8a15cac930212bde74128d02fc1990543461cf6abe8c,9b209a8df4da4b8d1324a72922683c465c740844eef3302799083ed553935116-73247d2a426212859ed5573281c4fb0f1ac040983509226591035355f4d0fa68-e4441e009231d4d476cd8a15cac930212bde74128d02fc1990543461cf6abe8c,1
ad57366865126e55649ecb23ae1d48887544976efea46a48eb5d85a6eeb4d306,ad1f3889d0032e7c2791053060e4c044837353325fbd42cdeeef65638ed31c2a,f271b4ed67f95cb0e64fa85ac73482d11fe841e3454d1382ce0af1bff39d9848,73247d2a426212859ed5573281c4fb0f1ac040983509226591035355f4d0fa68,f271b4ed67f95cb0e64fa85ac73482d11fe841e3454d1382ce0af1bff39d9848,9b209a8df4da4b8d1324a72922683c465c740844eef3302799083ed553935116,41,80,3c2a0cf59cd5404e5fca0d371bf5e0e90dfa32aad052191ab078b70f7a555fca,72dfcfb0c470ac255cde83fb8fe38de8a128188e03ea5ba5b2a93adbea1062fa,73247d2a426212859ed5573281c4fb0f1ac040983509226591035355f4d0fa68,facf8586caf8ebd0e763d3a20728044483297408851cb81653e355e9cb6b3d58,de5a6f78116eca62d7fc5ce159d23ae6b889b365a1739ad2cf36f925a140d0cc,33.24600974728449,213.21060244844216,339,ebafc7f8530e495245bdfba503810ccef462ce7630766e7e1b9ec8dec07f160d,a7c07c281fad3bc0dea584ddb53461ff7e09897f6ee7bf2e30110c9eff9a7d84,f271b4ed67f95cb0e64fa85ac73482d11fe841e3454d1382ce0af1bff39d9848-facf8586caf8ebd0e763d3a20728044483297408851cb81653e355e9cb6b3d58,73247d2a426212859ed5573281c4fb0f1ac040983509226591035355f4d0fa68,73247d2a426212859ed5573281c4fb0f1ac040983509226591035355f4d0fa68-f271b4ed67f95cb0e64fa85ac73482d11fe841e3454d1382ce0af1bff39d9848,9b209a8df4da4b8d1324a72922683c465c740844eef3302799083ed553935116-73247d2a426212859ed5573281c4fb0f1ac040983509226591035355f4d0fa68-f271b4ed67f95cb0e64fa85ac73482d11fe841e3454d1382ce0af1bff39d9848,1
ad57366865126e55649ecb23ae1d48887544976efea46a48eb5d85a6eeb4d306,d2388821e8b13716fc4a68f4a82fd8c66265b9cccb7b7ed3ad88d3be47418b9c,f2edecf9cc02410bcc6313714fce1b39e379c3e77bb3b3434bc088d1f7ff514d,73247d2a426212859ed5573281c4fb0f1ac040983509226591035355f4d0fa68,f2edecf9cc02410bcc6313714fce1b39e379c3e77bb3b3434bc088d1f7ff514d,9b209a8df4da4b8d1324a72922683c465c740844eef3302799083ed553935116,488,358,3c2a0cf59cd5404e5fca0d371bf5e0e90dfa32aad052191ab078b70f7a555fca,72dfcfb0c470ac255cde83fb8fe38de8a128188e03ea5ba5b2a93adbea1062fa,73247d2a426212859ed5573281c4fb0f1ac040983509226591035355f4d0fa68,63984b1a7a1f2088a1273bbb497ea7cdc8bbce9ed46169aa48362be6a23fd3bd,de5a6f78116eca62d7fc5ce159d23ae6b889b365a1739ad2cf36f925a140d0cc,426.7039664289154,493.9925274822871,91,ebafc7f8530e495245bdfba503810ccef462ce7630766e7e1b9ec8dec07f160d,3ad8f16115107caaa2cb6ea5c8edbf978e013c8588d887bf4a59dbf89dc6f5b9,f2edecf9cc02410bcc6313714fce1b39e379c3e77bb3b3434bc088d1f7ff514d-63984b1a7a1f2088a1273bbb497ea7cdc8bbce9ed46169aa48362be6a23fd3bd,73247d2a426212859ed5573281c4fb0f1ac040983509226591035355f4d0fa68,73247d2a426212859ed5573281c4fb0f1ac040983509226591035355f4d0fa68-f2edecf9cc02410bcc6313714fce1b39e379c3e77bb3b3434bc088d1f7ff514d,9b209a8df4da4b8d1324a72922683c465c740844eef3302799083ed553935116-73247d2a426212859ed5573281c4fb0f1ac040983509226591035355f4d0fa68-f2edecf9cc02410bcc6313714fce1b39e379c3e77bb3b3434bc088d1f7ff514d,1
ad57366865126e55649ecb23ae1d48887544976efea46a48eb5d85a6eeb4d306,5765dac074bd446d1635f06198868434ca02fd4325786cf123543754d832de74,f4da168bb496eda78276977a14a2eb051f8828fd7f6b9733b03c99a3e57393b6,73247d2a426212859ed5573281c4fb0f1ac040983509226591035355f4d0fa68,f4da168bb496eda78276977a14a2eb051f8828fd7f6b9733b03c99a3e57393b6,9b209a8df4da4b8d1324a72922683c465c740844eef3302799083ed553935116,87,467,3c2a0cf59cd5404e5fca0d371bf5e0e90dfa32aad052191ab078b70f7a555fca,72dfcfb0c470ac255cde83fb8fe38de8a128188e03ea5ba5b2a93adbea1062fa,73247d2a426212859ed5573281c4fb0f1ac040983509226591035355f4d0fa68,b869c5e76efafcd884f705dd219f55688389b8a5183460b7e34dcaad38d5cc25,de5a6f78116eca62d7fc5ce159d23ae6b889b365a1739ad2cf36f925a140d0cc,197.48477167610469,246.60578885426636,240,ebafc7f8530e495245bdfba503810ccef462ce7630766e7e1b9ec8dec07f160d,b1c8e861eaedb266534aeb5805fdc9c2d79832e1298838d23d5fe8e752fa9efd,f4da168bb496eda78276977a14a2eb051f8828fd7f6b9733b03c99a3e57393b6-b869c5e76efafcd884f705dd219f55688389b8a5183460b7e34dcaad38d5cc25,73247d2a426212859ed5573281c4fb0f1ac040983509226591035355f4d0fa68,73247d2a426212859ed5573281c4fb0f1ac040983509226591035355f4d0fa68-f4da168bb496eda78276977a14a2eb051f8828fd7f6b9733b03c99a3e57393b6,9b209a8df4da4b8d1324a72922683c465c740844eef3302799083ed553935116-73247d2a426212859ed5573281c4fb0f1ac040983509226591035355f4d0fa68-f4da168bb496eda78276977a14a2eb051f8828fd7f6b9733b03c99a3e57393b6,1
ad57366865126e55649ecb23ae1d48887544976efea46a48eb5d85a6eeb4d306,40510175845988f13f6162ed8526f0b09f73384467fa855e1e79b44a56562a58,f61ae55af51a808d77c53013415da7bb984e43d3d1f617a4782005c9e7326f3b,73247d2a426212859ed5573281c4fb0f1ac040983509226591035355f4d0fa68,f61ae55af51a808d77c53013415da7bb984e43d3d1f617a4782005c9e7326f3b,9b209a8df4da4b8d1324a72922683c465c740844eef3302799083ed553935116,458,22,3c2a0cf59cd5404e5fca0d371bf5e0e90dfa32aad052191ab078b70f7a555fca,72dfcfb0c470ac255cde83fb8fe38de8a128188e03ea5ba5b2a93adbea1062fa,73247d2a426212859ed5573281c4fb0f1ac040983509226591035355f4d0fa68,cbd81edb0e8e7c05995b73815838636f30b3810ecd20dd320986604933d73972,de5a6f78116eca62d7fc5ce159d23ae6b889b365a1739ad2cf36f925a140d0cc,463.64921716821533,369.6177961321549,358,ebafc7f8530e495245bdfba503810ccef462ce7630766e7e1b9ec8dec07f160d,a26cdf3a6e709124385d4d7eb9bff6b897a58ed5597fbab779b89849dbe81b21,f61ae55af51a808d77c53013415da7bb984e43d3d1f617a4782005c9e7326f3b-cbd81edb0e8e7c05995b73815838636f30b3810ecd20dd320986604933d73972,73247d2a426212859ed5573281c4fb0f1ac040983509226591035355f4d0fa68,73247d2a426212859ed5573281c4fb0f1ac040983509226591035355f4d0fa68-f61ae55af51a808d77c53013415da7bb984e43d3d1f617a4782005c9e7326f3b,9b209a8df4da4b8d1324a72922683c465c740844eef3302799083ed553935116-73247d2a426212859ed5573281c4fb0f1ac040983509226591035355f4d0fa68-f61ae55af51a808d77c53013415da7bb984e43d3d1f617a4782005c9e7326f3b,1
ad57366865126e55649ecb23ae1d48887544976efea46a48eb5d85a6eeb4d306,ad1f3889d0032e7c2791053060e4c044837353325fbd42cdeeef65638ed31c2a,f9b5f7ae8357fd88b70eaec8f57e2e610e5488f661adda4a3e0bab35a600f7bd,73247d2a426212859ed5573281c4fb0f1ac040983509226591035355f4d0fa68,f9b5f7ae8357fd88b70eaec8f57e2e610e5488f661adda4a3e0bab35a600f7bd,9b209a8df4da4b8d1324a72922683c465c740844eef3302799083ed553935116,154,21,3c2a0cf59cd5404e5fca0d371bf5e0e90dfa32aad052191ab078b70f7a555fca,72dfcfb0c470ac255cde83fb8fe38de8a128188e03ea5ba5b2a93adbea1062fa,73247d2a426212859ed5573281c4fb0f1ac040983509226591035355f4d0fa68,cc8379d51ad240db9a8f213423c24cf045f618e0b4fff7ae38df4f18fa261f9f,de5a6f78116eca62d7fc5ce159d23ae6b889b365a1739ad2cf36f925a140d0cc,339.1578539403647,323.40293570812025,35,ebafc7f8530e495245bdfba503810ccef462ce7630766e7e1b9ec8dec07f160d,a7c07c281fad3bc0dea584ddb53461ff7e09897f6ee7bf2e30110c9eff9a7d84,f9b5f7ae8357fd88b70eaec8f57e2e610e5488f661adda4a3e0bab35a600f7bd-cc8379d51ad240db9a8f213423c24cf045f618e0b4fff7ae38df4f18fa261f9f,73247d2a426212859ed5573281c4fb0f1ac040983509226591035355f4d0fa68,73247d2a426212859ed5573281c4fb0f1ac040983509226591035355f4d0fa68-f9b5f7ae8357fd88b70eaec8f57e2e610e5488f661adda4a3e0bab35a600f7bd,9b209a8df4da4b8d1324a72922683c465c740844eef3302799083ed553935116-73247d2a426212859ed5573281c4fb0f1ac040983509226591035355f4d0fa68-f9b5f7ae8357fd88b70eaec8f57e2e610e5488f661adda4a3e0bab35a600f7bd,1
ad57366865126e55649ecb23ae1d48887544976efea46a48eb5d85a6eeb4d306,4ab34cdf3e765ab1629ed66b4d683a8d5bd014b8b7e8f2f3edd4cfab45101031,fef5dd7fb2eda5bba235c7335080f00c5d3670ef23e61b60a6201085147aae23,73247d2a426212859ed5573281c4fb0f1ac040983509226591035355f4d0fa68,fef5dd7fb2eda5bba235c7335080f00c5d3670ef23e61b60a6201085147aae23,9b209a8df4da4b8d1324a72922683c465c740844eef3302799083ed553935116,262,259,3c2a0cf59cd5404e5fca0d371bf5e0e90dfa32aad052191ab078b70f7a555fca,72dfcfb0c470ac255cde83fb8fe38de8a128188e03ea5ba5b2a93adbea1062fa,73247d2a426212859ed5573281c4fb0f1ac040983509226591035355f4d0fa68,ea0b937ea317101ee2c26b03a4843a19ceced8a2b9673c3cf409a726ca2b0fd8,de5a6f78116eca62d7fc5ce159d23ae6b889b365a1739ad2cf36f925a140d0cc,100.76365160699596,118.11492125923657,429,ebafc7f8530e495245bdfba503810ccef462ce7630766e7e1b9ec8dec07f160d,f254a27df39a3a926b028af64af8e55ed6e7809fb6b61505ad20dfab10c565c3,fef5dd7fb2eda5bba235c7335080f00c5d3670ef23e61b60a6201085147aae23-ea0b937ea317101ee2c26b03a4843a19ceced8a2b9673c3cf409a726ca2b0fd8,73247d2a426212859ed5573281c4fb0f1ac040983509226591035355f4d0fa68,73247d2a426212859ed5573281c4fb0f1ac040983509226591035355f4d0fa68-fef5dd7fb2eda5bba235c7335080f00c5d3670ef23e61b60a6201085147aae23,9b209a8df4da4b8d1324a72922683c465c740844eef3302799083ed553935116-73247d2a426212859ed5573281c4fb0f1ac040983509226591035355f4d0fa68-fef5dd7fb2eda5bba235c7335080f00c5d3670ef23e61b60a6201085147aae23,1
ad57366865126e55649ecb23ae1d48887544976efea46a48eb5d85a6eeb4d306,40510175845988f13f6162ed8526f0b09f73384467fa855e1e79b44a56562a58,16189a630bebe5af2758070eb7d92ccb12edc3d4913a9c48754b8ba60e98fc8a,85b82c1df153d3366f650faf1974dd83092a5ff9259814f1480f2096ff82469e,16189a630bebe5af2758070eb7d92ccb12edc3d4913a9c48754b8ba60e98fc8a,9b209a8df4da4b8d1324a72922683c465c740844eef3302799083ed553935116,495,157,713aeb7f49249d8818377d6c183895d3cc5ff7f5e35eeec3392d00180e84584f,fb2a4edd17f56dd07d1c9aef6b98e9094c35846f260bdc765c87bd6f2e8a7921,85b82c1df153d3366f650faf1974dd83092a5ff9259814f1480f2096ff82469e,2ed7491f6ac5940969b6d3db3b8b07884d18a42e31380d4f7a94e4165ef78771,8de0b3c47f112c59745f717a626932264c422a7563954872e237b223af4ad643,357.5643390385262,406.49530918023265,280,ebafc7f8530e495245bdfba503810ccef462ce7630766e7e1b9ec8dec07f160d,a26cdf3a6e709124385d4d7eb9bff6b897a58ed5597fbab779b89849dbe81b21,16189a630bebe5af2758070eb7d92ccb12edc3d4913a9c48754b8ba60e98fc8a-2ed7491f6ac5940969b6d3db3b8b07884d18a42e31380d4f7a94e4165ef78771,85b82c1df153d3366f650faf1974dd83092a5ff9259814f1480f2096ff82469e,85b82c1df153d3366f650faf1974dd83092a5ff9259814f1480f2096ff82469e-16189a630bebe5af2758070eb7d92ccb12edc3d4913a9c48754b8ba60e98fc8a,9b209a8df4da4b8d1324a72922683c465c740844eef3302799083ed553935116-85b82c1df153d3366f650faf1974dd83092a5ff9259814f1480f2096ff82469e-16189a630bebe5af2758070eb7d92ccb12edc3d4913a9c48754b8ba60e98fc8a,1
ad57366865126e55649ecb23ae1d48887544976efea46a48eb5d85a6eeb4d306,a5081fc73076c5a428943513612ea2a409547a044186bf1008ae39c96a6c8196,441d0f9d83bda47bf7bed634bf4e28e06e565452026f74bbd33a312ead7b4d2c,85b82c1df153d3366f650faf1974dd83092a5ff9259814f1480f2096ff82469e,441d0f9d83bda47bf7bed634bf4e28e06e565452026f74bbd33a312ead7b4d2c,9b209a8df4da4b8d1324a72922683c465c740844eef3302799083ed553935116,217,299,713aeb7f49249d8818377d6c183895d3cc5ff7f5e35eeec3392d00180e84584f,fb2a4edd17f56dd07d1c9aef6b98e9094c35846f260bdc765c87bd6f2e8a7921,85b82c1df153d3366f650faf1974dd83092a5ff9259814f1480f2096ff82469e,5f5648af8090e33cdf2c790ab5772a53e2f800f4c8d8dd6bb2ad1f2501a9a547,8de0b3c47f112c59745f717a626932264c422a7563954872e237b223af4ad643,1955.6679613863748,1978.7122443421001,294,ebafc7f8530e495245bdfba503810ccef462ce7630766e7e1b9ec8dec07f160d,a26cdf3a6e709124385d4d7eb9bff6b897a58ed5597fbab779b89849dbe81b21,441d0f9d83bda47bf7bed634bf4e28e06e565452026f74bbd33a312ead7b4d2c-5f5648af8090e33cdf2c790ab5772a53e2f800f4c8d8dd6bb2ad1f2501a9a547,85b82c1df153d3366f650faf1974dd83092a5ff9259814f1480f2096ff82469e,85b82c1df153d3366f650faf1974dd83092a5ff9259814f1480f2096ff82469e-441d0f9d83bda47bf7bed634bf4e28e06e565452026f74bbd33a312ead7b4d2c,9b209a8df4da4b8d1324a72922683c465c740844eef3302799083ed553935116-85b82c1df153d3366f650faf1974dd83092a5ff9259814f1480f2096ff82469e-441d0f9d83bda47bf7bed634bf4e28e06e565452026f74bbd33a312ead7b4d2c,1
ad57366865126e55649ecb23ae1d48887544976efea46a48eb5d85a6eeb4d306,bd14620394b6083fbf735bbfc55773765de1d750ec053f281fe77d7764d7b36b,55884750c4a8f29a9ee3ed3823b2e64f3320f13c3a04ec45e1b2ef79518d8ebe,85b82c1df153d3366f650faf1974dd83092a5ff9259814f1480f2096ff82469e,55884750c4a8f29a9ee3ed3823b2e64f3320f13c3a04ec45e1b2ef79518d8ebe,9b209a8df4da4b8d1324a72922683c465c740844eef3302799083ed553935116,47,28,713aeb7f49249d8818377d6c183895d3cc5ff7f5e35eeec3392d00180e84584f,fb2a4edd17f56dd07d1c9aef6b98e9094c35846f260bdc765c87bd6f2e8a7921,85b82c1df153d3366f650faf1974dd83092a5ff9259814f1480f2096ff82469e,64c0dc3303c75892910f50ff3149655fdfb5d021e7f31c03f231e29830c6c629,8de0b3c47f112c59745f717a626932264c422a7563954872e237b223af4ad643,201.65499935706092,121.8838291522743,103,ebafc7f8530e495245bdfba503810ccef462ce7630766e7e1b9ec8dec07f160d,a4d8d54d911941f3926f0b21a8aa8d8ee2ba8951b017d8157f5a3e7712869ef2,55884750c4a8f29a9ee3ed3823b2e64f3320f13c3a04ec45e1b2ef79518d8ebe-64c0dc3303c75892910f50ff3149655fdfb5d021e7f31c03f231e29830c6c629,85b82c1df153d3366f650faf1974dd83092a5ff9259814f1480f2096ff82469e,85b82c1df153d3366f650faf1974dd83092a5ff9259814f1480f2096ff82469e-55884750c4a8f29a9ee3ed3823b2e64f3320f13c3a04ec45e1b2ef79518d8ebe,9b209a8df4da4b8d1324a72922683c465c740844eef3302799083ed553935116-85b82c1df153d3366f650faf1974dd83092a5ff9259814f1480f2096ff82469e-55884750c4a8f29a9ee3ed3823b2e64f3320f13c3a04ec45e1b2ef79518d8ebe,1
ad57366865126e55649ecb23ae1d48887544976efea46a48eb5d85a6eeb4d306,ecd8e4da8db957686847a87370033f9b64fa9348bfd71d830d1cbd4fbcb7dd8f,604edb6abb13f37743fc6457e66514ad09820665926dd2f1b1b4ffed85f636a9,85b82c1df153d3366f650faf1974dd83092a5ff9259814f1480f2096ff82469e,604edb6abb13f37743fc6457e66514ad09820665926dd2f1b1b4ffed85f636a9,9b209a8df4da4b8d1324a72922683c465c740844eef3302799083ed553935116,129,283,3c2a0cf59cd5404e5fca0d371bf5e0e90dfa32aad052191ab078b70f7a555fca,fb2a4edd17f56dd07d1c9aef6b98e9094c35846f260bdc765c87bd6f2e8a7921,85b82c1df153d3366f650faf1974dd83092a5ff9259814f1480f2096ff82469e,59963e34e135776f141aa39abb087781cf7c8ac102162949f00902cceef5e35e,de5a6f78116eca62d7fc5ce159d23ae6b889b365a1739ad2cf36f925a140d0cc,1784.717664957787,3000.0787099154068,405,ebafc7f8530e495245bdfba503810ccef462ce7630766e7e1b9ec8dec07f160d,402419e92096bd4ab499de51bffcdcacb13eeb4b6452b327a334799ffd9f4df5,604edb6abb13f37743fc6457e66514ad09820665926dd2f1b1b4ffed85f636a9-59963e34e135776f141aa39abb087781cf7c8ac102162949f00902cceef5e35e,85b82c1df153d3366f650faf1974dd83092a5ff9259814f1480f2096ff82469e,85b82c1df153d3366f650faf1974dd83092a5ff9259814f1480f2096ff82469e-604edb6abb13f37743fc6457e66514ad09820665926dd2f1b1b4ffed85f636a9,9b209a8df4da4b8d1324a72922683c465c740844eef3302799083ed553935116-85b82c1df153d3366f650faf1974dd83092a5ff9259814f1480f2096ff82469e-604edb6abb13f37743fc6457e66514ad09820665926dd2f1b1b4ffed85f636a9,1
ad57366865126e55649ecb23ae1d48887544976efea46a48eb5d85a6eeb4d306,d8d0dedb4bda4204d0b5e1de5a990a00757aa2d80a64bd97699cad3b3d6fbf5f,d224abab6ebe3409d53027aa0f341be71af02954204474f314839105deeed771,85b82c1df153d3366f650faf1974dd83092a5ff9259814f1480f2096ff82469e,d224abab6ebe3409d53027aa0f341be71af02954204474f314839105deeed771,9b209a8df4da4b8d1324a72922683c465c740844eef3302799083ed553935116,309,399,3c2a0cf59cd5404e5fca0d371bf5e0e90dfa32aad052191ab078b70f7a555fca,fb2a4edd17f56dd07d1c9aef6b98e9094c35846f260bdc765c87bd6f2e8a7921,85b82c1df153d3366f650faf1974dd83092a5ff9259814f1480f2096ff82469e,9698d1a589174924774f619802a6d7b1777c52824ac6cc2a19581e7445d6472a,de5a6f78116eca62d7fc5ce159d23ae6b889b365a1739ad2cf36f925a140d0cc,86.79217848817555,25.117939726240213,468,ebafc7f8530e495245bdfba503810ccef462ce7630766e7e1b9ec8dec07f160d,78bc8448cb3e1be847ed5c6e651fe78575d28cda36c4e53664a9917d332157b9,d224abab6ebe3409d53027aa0f341be71af02954204474f314839105deeed771-9698d1a589174924774f619802a6d7b1777c52824ac6cc2a19581e7445d6472a,85b82c1df153d3366f650faf1974dd83092a5ff9259814f1480f2096ff82469e,85b82c1df153d3366f650faf1974dd83092a5ff9259814f1480f2096ff82469e-d224abab6ebe3409d53027aa0f341be71af02954204474f314839105deeed771,9b209a8df4da4b8d1324a72922683c465c740844eef3302799083ed553935116-85b82c1df153d3366f650faf1974dd83092a5ff9259814f1480f2096ff82469e-d224abab6ebe3409d53027aa0f341be71af02954204474f314839105deeed771,1
ad57366865126e55649ecb23ae1d48887544976efea46a48eb5d85a6eeb4d306,b746356b9c2afdce96197d490c00d864c54c432d61f49dd99f70520ce199f8e8,eb06b33ea7d020074c0e9df804c2b1168e531f64ec7fc3b7521fc25317be446c,85b82c1df153d3366f650faf1974dd83092a5ff9259814f1480f2096ff82469e,eb06b33ea7d020074c0e9df804c2b1168e531f64ec7fc3b7521fc25317be446c,9b209a8df4da4b8d1324a72922683c465c740844eef3302799083ed553935116,182,309,713aeb7f49249d8818377d6c183895d3cc5ff7f5e35eeec3392d00180e84584f,fb2a4edd17f56dd07d1c9aef6b98e9094c35846f260bdc765c87bd6f2e8a7921,85b82c1df153d3366f650faf1974dd83092a5ff9259814f1480f2096ff82469e,f1a44aec2841b6104174dd62a570041c258aaa26d69ea3a7bd10da19a77f9371,de5a6f78116eca62d7fc5ce159d23ae6b889b365a1739ad2cf36f925a140d0cc,407.4276421656633,447.39970520125394,408,ebafc7f8530e495245bdfba503810ccef462ce7630766e7e1b9ec8dec07f160d,02cb6fa562753c7e2863d7f7251cff6d60435180f1b80156a5a220d591047b3b,eb06b33ea7d020074c0e9df804c2b1168e531f64ec7fc3b7521fc25317be446c-f1a44aec2841b6104174dd62a570041c258aaa26d69ea3a7bd10da19a77f9371,85b82c1df153d3366f650faf1974dd83092a5ff9259814f1480f2096ff82469e,85b82c1df153d3366f650faf1974dd83092a5ff9259814f1480f2096ff82469e-eb06b33ea7d020074c0e9df804c2b1168e531f64ec7fc3b7521fc25317be446c,9b209a8df4da4b8d1324a72922683c465c740844eef3302799083ed553935116-85b82c1df153d3366f650faf1974dd83092a5ff9259814f1480f2096ff82469e-eb06b33ea7d020074c0e9df804c2b1168e531f64ec7fc3b7521fc25317be446c,1
ad57366865126e55649ecb23ae1d48887544976efea46a48eb5d85a6eeb4d306,40510175845988f13f6162ed8526f0b09f73384467fa855e1e79b44a56562a58,16189a630bebe5af2758070eb7d92ccb12edc3d4913a9c48754b8ba60e98fc8a,c216f4a709b45177d40da3228690f31f68a0e62fe3d0bc4ab6f82977f54ae13d,16189a630bebe5af2758070eb7d92ccb12edc3d4913a9c48754b8ba60e98fc8a,9b209a8df4da4b8d1324a72922683c465c740844eef3302799083ed553935116,268,74,713aeb7f49249d8818377d6c183895d3cc5ff7f5e35eeec3392d00180e84584f,fb2a4edd17f56dd07d1c9aef6b98e9094c35846f260bdc765c87bd6f2e8a7921,c216f4a709b45177d40da3228690f31f68a0e62fe3d0bc4ab6f82977f54ae13d,2ed7491f6ac5940969b6d3db3b8b07884d18a42e31380d4f7a94e4165ef78771,8de0b3c47f112c59745f717a626932264c422a7563954872e237b223af4ad643,499.5516173159803,322.2393000380299,139,ebafc7f8530e495245bdfba503810ccef462ce7630766e7e1b9ec8dec07f160d,a26cdf3a6e709124385d4d7eb9bff6b897a58ed5597fbab779b89849dbe81b21,16189a630bebe5af2758070eb7d92ccb12edc3d4913a9c48754b8ba60e98fc8a-2ed7491f6ac5940969b6d3db3b8b07884d18a42e31380d4f7a94e4165ef78771,c216f4a709b45177d40da3228690f31f68a0e62fe3d0bc4ab6f82977f54ae13d,c216f4a709b45177d40da3228690f31f68a0e62fe3d0bc4ab6f82977f54ae13d-16189a630bebe5af2758070eb7d92ccb12edc3d4913a9c48754b8ba60e98fc8a,9b209a8df4da4b8d1324a72922683c465c740844eef3302799083ed553935116-c216f4a709b45177d40da3228690f31f68a0e62fe3d0bc4ab6f82977f54ae13d-16189a630bebe5af2758070eb7d92ccb12edc3d4913a9c48754b8ba60e98fc8a,1
ad57366865126e55649ecb23ae1d48887544976efea46a48eb5d85a6eeb4d306,b53a7292b38e011dbe6efc79c22d028ddd364da2e6b9aa182915572742330ea9,3271d9c51bc7b088bdcf2487a136534404d61f016be7929c91fa09f79a1f312d,c216f4a709b45177d40da3228690f31f68a0e62fe3d0bc4ab6f82977f54ae13d,3271d9c51bc7b088bdcf2487a136534404d61f016be7929c91fa09f79a1f312d,9b209a8df4da4b8d1324a72922683c465c740844eef3302799083ed553935116,320,227,3c2a0cf59cd5404e5fca0d371bf5e0e90dfa32aad052191ab078b70f7a555fca,fb2a4edd17f56dd07d1c9aef6b98e9094c35846f260bdc765c87bd6f2e8a7921,c216f4a709b45177d40da3228690f31f68a0e62fe3d0bc4ab6f82977f54ae13d,ffb43ab17cb88af75d58a6a4bbf6ae10b02ddcb56fdf70eab2b3d31108f7b859,de5a6f78116eca62d7fc5ce159d23ae6b889b365a1739ad2cf36f925a140d0cc,482.51272047783897,472.0096355202438,139,ebafc7f8530e495245bdfba503810ccef462ce7630766e7e1b9ec8dec07f160d,60dc1e3084d82b9597446ce0ef957b38dd037a4a7918f4056ebf5de67ae934ac,3271d9c51bc7b088bdcf2487a136534404d61f016be7929c91fa09f79a1f312d-ffb43ab17cb88af75d58a6a4bbf6ae10b02ddcb56fdf70eab2b3d31108f7b859,c216f4a709b45177d40da3228690f31f68a0e62fe3d0bc4ab6f82977f54ae13d,c216f4a709b45177d40da3228690f31f68a0e62fe3d0bc4ab6f82977f54ae13d-3271d9c51bc7b088bdcf2487a136534404d61f016be7929c91fa09f79a1f312d,9b209a8df4da4b8d1324a72922683c465c740844eef3302799083ed553935116-c216f4a709b45177d40da3228690f31f68a0e62fe3d0bc4ab6f82977f54ae13d-3271d9c51bc7b088bdcf2487a136534404d61f016be7929c91fa09f79a1f312d,1
ad57366865126e55649ecb23ae1d48887544976efea46a48eb5d85a6eeb4d306,a5081fc73076c5a428943513612ea2a409547a044186bf1008ae39c96a6c8196,441d0f9d83bda47bf7bed634bf4e28e06e565452026f74bbd33a312ead7b4d2c,c216f4a709b45177d40da3228690f31f68a0e62fe3d0bc4ab6f82977f54ae13d,441d0f9d83bda47bf7bed634bf4e28e06e565452026f74bbd33a312ead7b4d2c,9b209a8df4da4b8d1324a72922683c465c740844eef3302799083ed553935116,143,204,3c2a0cf59cd5404e5fca0d371bf5e0e90dfa32aad052191ab078b70f7a555fca,fb2a4edd17f56dd07d1c9aef6b98e9094c35846f260bdc765c87bd6f2e8a7921,c216f4a709b45177d40da3228690f31f68a0e62fe3d0bc4ab6f82977f54ae13d,5f5648af8090e33cdf2c790ab5772a53e2f800f4c8d8dd6bb2ad1f2501a9a547,8de0b3c47f112c59745f717a626932264c422a7563954872e237b223af4ad643,5035.993638650011,5306.119094644076,467,ebafc7f8530e495245bdfba503810ccef462ce7630766e7e1b9ec8dec07f160d,a26cdf3a6e709124385d4d7eb9bff6b897a58ed5597fbab779b89849dbe81b21,441d0f9d83bda47bf7bed634bf4e28e06e565452026f74bbd33a312ead7b4d2c-5f5648af8090e33cdf2c790ab5772a53e2f800f4c8d8dd6bb2ad1f2501a9a547,c216f4a709b45177d40da3228690f31f68a0e62fe3d0bc4ab6f82977f54ae13d,c216f4a709b45177d40da3228690f31f68a0e62fe3d0bc4ab6f82977f54ae13d-441d0f9d83bda47bf7bed634bf4e28e06e565452026f74bbd33a312ead7b4d2c,9b209a8df4da4b8d1324a72922683c465c740844eef3302799083ed553935116-c216f4a709b45177d40da3228690f31f68a0e62fe3d0bc4ab6f82977f54ae13d-441d0f9d83bda47bf7bed634bf4e28e06e565452026f74bbd33a312ead7b4d2c,1
ad57366865126e55649ecb23ae1d48887544976efea46a48eb5d85a6eeb4d306,bd14620394b6083fbf735bbfc55773765de1d750ec053f281fe77d7764d7b36b,55884750c4a8f29a9ee3ed3823b2e64f3320f13c3a04ec45e1b2ef79518d8ebe,c216f4a709b45177d40da3228690f31f68a0e62fe3d0bc4ab6f82977f54ae13d,55884750c4a8f29a9ee3ed3823b2e64f3320f13c3a04ec45e1b2ef79518d8ebe,9b209a8df4da4b8d1324a72922683c465c740844eef3302799083ed553935116,259,67,713aeb7f49249d8818377d6c183895d3cc5ff7f5e35eeec3392d00180e84584f,fb2a4edd17f56dd07d1c9aef6b98e9094c35846f260bdc765c87bd6f2e8a7921,c216f4a709b45177d40da3228690f31f68a0e62fe3d0bc4ab6f82977f54ae13d,64c0dc3303c75892910f50ff3149655fdfb5d021e7f31c03f231e29830c6c629,8de0b3c47f112c59745f717a626932264c422a7563954872e237b223af4ad643,1440.0466597192008,1516.5660152757355,187,ebafc7f8530e495245bdfba503810ccef462ce7630766e7e1b9ec8dec07f160d,a4d8d54d911941f3926f0b21a8aa8d8ee2ba8951b017d8157f5a3e7712869ef2,55884750c4a8f29a9ee3ed3823b2e64f3320f13c3a04ec45e1b2ef79518d8ebe-64c0dc3303c75892910f50ff3149655fdfb5d021e7f31c03f231e29830c6c629,c216f4a709b45177d40da3228690f31f68a0e62fe3d0bc4ab6f82977f54ae13d,c216f4a709b45177d40da3228690f31f68a0e62fe3d0bc4ab6f82977f54ae13d-55884750c4a8f29a9ee3ed3823b2e64f3320f13c3a04ec45e1b2ef79518d8ebe,9b209a8df4da4b8d1324a72922683c465c740844eef3302799083ed553935116-c216f4a709b45177d40da3228690f31f68a0e62fe3d0bc4ab6f82977f54ae13d-55884750c4a8f29a9ee3ed3823b2e64f3320f13c3a04ec45e1b2ef79518d8ebe,1
ad57366865126e55649ecb23ae1d48887544976efea46a48eb5d85a6eeb4d306,ecd8e4da8db957686847a87370033f9b64fa9348bfd71d830d1cbd4fbcb7dd8f,604edb6abb13f37743fc6457e66514ad09820665926dd2f1b1b4ffed85f636a9,c216f4a709b45177d40da3228690f31f68a0e62fe3d0bc4ab6f82977f54ae13d,604edb6abb13f37743fc6457e66514ad09820665926dd2f1b1b4ffed85f636a9,9b209a8df4da4b8d1324a72922683c465c740844eef3302799083ed553935116,59,168,3c2a0cf59cd5404e5fca0d371bf5e0e90dfa32aad052191ab078b70f7a555fca,fb2a4edd17f56dd07d1c9aef6b98e9094c35846f260bdc765c87bd6f2e8a7921,c216f4a709b45177d40da3228690f31f68a0e62fe3d0bc4ab6f82977f54ae13d,59963e34e135776f141aa39abb087781cf7c8ac102162949f00902cceef5e35e,de5a6f78116eca62d7fc5ce159d23ae6b889b365a1739ad2cf36f925a140d0cc,3227.5509128183917,1922.6258289819882,171,ebafc7f8530e495245bdfba503810ccef462ce7630766e7e1b9ec8dec07f160d,402419e92096bd4ab499de51bffcdcacb13eeb4b6452b327a334799ffd9f4df5,604edb6abb13f37743fc6457e66514ad09820665926dd2f1b1b4ffed85f636a9-59963e34e135776f141aa39abb087781cf7c8ac102162949f00902cceef5e35e,c216f4a709b45177d40da3228690f31f68a0e62fe3d0bc4ab6f82977f54ae13d,c216f4a709b45177d40da3228690f31f68a0e62fe3d0bc4ab6f82977f54ae13d-604edb6abb13f37743fc6457e66514ad09820665926dd2f1b1b4ffed85f636a9,9b209a8df4da4b8d1324a72922683c465c740844eef3302799083ed553935116-c216f4a709b45177d40da3228690f31f68a0e62fe3d0bc4ab6f82977f54ae13d-604edb6abb13f37743fc6457e66514ad09820665926dd2f1b1b4ffed85f636a9,1
ad57366865126e55649ecb23ae1d48887544976efea46a48eb5d85a6eeb4d306,40510175845988f13f6162ed8526f0b09f73384467fa855e1e79b44a56562a58,b8f7ec3087ebe63052a25d3569c58c26715b483b6cc72cd5920ed56a0a5ed4b3,c216f4a709b45177d40da3228690f31f68a0e62fe3d0bc4ab6f82977f54ae13d,b8f7ec3087ebe63052a25d3569c58c26715b483b6cc72cd5920ed56a0a5ed4b3,9b209a8df4da4b8d1324a72922683c465c740844eef3302799083ed553935116,326,111,3c2a0cf59cd5404e5fca0d371bf5e0e90dfa32aad052191ab078b70f7a555fca,fb2a4edd17f56dd07d1c9aef6b98e9094c35846f260bdc765c87bd6f2e8a7921,c216f4a709b45177d40da3228690f31f68a0e62fe3d0bc4ab6f82977f54ae13d,419abad00cd0a990df21b5b171550a3c318ccd38a9d2d1190a028e105a6eede2,de5a6f78116eca62d7fc5ce159d23ae6b889b365a1739ad2cf36f925a140d0cc,103.97773293825252,235.1947647380421,142,ebafc7f8530e495245bdfba503810ccef462ce7630766e7e1b9ec8dec07f160d,a26cdf3a6e709124385d4d7eb9bff6b897a58ed5597fbab779b89849dbe81b21,b8f7ec3087ebe63052a25d3569c58c26715b483b6cc72cd5920ed56a0a5ed4b3-419abad00cd0a990df21b5b171550a3c318ccd38a9d2d1190a028e105a6eede2,c216f4a709b45177d40da3228690f31f68a0e62fe3d0bc4ab6f82977f54ae13d,c216f4a709b45177d40da3228690f31f68a0e62fe3d0bc4ab6f82977f54ae13d-b8f7ec3087ebe63052a25d3569c58c26715b483b6cc72cd5920ed56a0a5ed4b3,9b209a8df4da4b8d1324a72922683c465c740844eef3302799083ed553935116-c216f4a709b45177d40da3228690f31f68a0e62fe3d0bc4ab6f82977f54ae13d-b8f7ec3087ebe63052a25d3569c58c26715b483b6cc72cd5920ed56a0a5ed4b3,1
ad57366865126e55649ecb23ae1d48887544976efea46a48eb5d85a6eeb4d306,40510175845988f13f6162ed8526f0b09f73384467fa855e1e79b44a56562a58,d1a502f290368a4fddf2ba3fc2c6595712e7438dafca7bae290b76d197efc6df,c216f4a709b45177d40da3228690f31f68a0e62fe3d0bc4ab6f82977f54ae13d,d1a502f290368a4fddf2ba3fc2c6595712e7438dafca7bae290b76d197efc6df,9b209a8df4da4b8d1324a72922683c465c740844eef3302799083ed553935116,380,343,3c2a0cf59cd5404e5fca0d371bf5e0e90dfa32aad052191ab078b70f7a555fca,fb2a4edd17f56dd07d1c9aef6b98e9094c35846f260bdc765c87bd6f2e8a7921,c216f4a709b45177d40da3228690f31f68a0e62fe3d0bc4ab6f82977f54ae13d,76c3e7312f9e533d8bd5950f40894b43bf8f6537d90098256488c3c526a380db,de5a6f78116eca62d7fc5ce159d23ae6b889b365a1739ad2cf36f925a140d0cc,392.45956258107134,386.4099520800845,442,ebafc7f8530e495245bdfba503810ccef462ce7630766e7e1b9ec8dec07f160d,a26cdf3a6e709124385d4d7eb9bff6b897a58ed5597fbab779b89849dbe81b21,d1a502f290368a4fddf2ba3fc2c6595712e7438dafca7bae290b76d197efc6df-76c3e7312f9e533d8bd5950f40894b43bf8f6537d90098256488c3c526a380db,c216f4a709b45177d40da3228690f31f68a0e62fe3d0bc4ab6f82977f54ae13d,c216f4a709b45177d40da3228690f31f68a0e62fe3d0bc4ab6f82977f54ae13d-d1a502f290368a4fddf2ba3fc2c6595712e7438dafca7bae290b76d197efc6df,9b209a8df4da4b8d1324a72922683c465c740844eef3302799083ed553935116-c216f4a709b45177d40da3228690f31f68a0e62fe3d0bc4ab6f82977f54ae13d-d1a502f290368a4fddf2ba3fc2c6595712e7438dafca7bae290b76d197efc6df,1
ad57366865126e55649ecb23ae1d48887544976efea46a48eb5d85a6eeb4d306,d8d0dedb4bda4204d0b5e1de5a990a00757aa2d80a64bd97699cad3b3d6fbf5f,d224abab6ebe3409d53027aa0f341be71af02954204474f314839105deeed771,c216f4a709b45177d40da3228690f31f68a0e62fe3d0bc4ab6f82977f54ae13d,d224abab6ebe3409d53027aa0f341be71af02954204474f314839105deeed771,9b209a8df4da4b8d1324a72922683c465c740844eef3302799083ed553935116,203,450,3c2a0cf59cd5404e5fca0d371bf5e0e90dfa32aad052191ab078b70f7a555fca,fb2a4edd17f56dd07d1c9aef6b98e9094c35846f260bdc765c87bd6f2e8a7921,c216f4a709b45177d40da3228690f31f68a0e62fe3d0bc4ab6f82977f54ae13d,9698d1a589174924774f619802a6d7b1777c52824ac6cc2a19581e7445d6472a,de5a6f78116eca62d7fc5ce159d23ae6b889b365a1739ad2cf36f925a140d0cc,194.095229942278,59.11332680392811,142,ebafc7f8530e495245bdfba503810ccef462ce7630766e7e1b9ec8dec07f160d,78bc8448cb3e1be847ed5c6e651fe78575d28cda36c4e53664a9917d332157b9,d224abab6ebe3409d53027aa0f341be71af02954204474f314839105deeed771-9698d1a589174924774f619802a6d7b1777c52824ac6cc2a19581e7445d6472a,c216f4a709b45177d40da3228690f31f68a0e62fe3d0bc4ab6f82977f54ae13d,c216f4a709b45177d40da3228690f31f68a0e62fe3d0bc4ab6f82977f54ae13d-d224abab6ebe3409d53027aa0f341be71af02954204474f314839105deeed771,9b209a8df4da4b8d1324a72922683c465c740844eef3302799083ed553935116-c216f4a709b45177d40da3228690f31f68a0e62fe3d0bc4ab6f82977f54ae13d-d224abab6ebe3409d53027aa0f341be71af02954204474f314839105deeed771,1
ad57366865126e55649ecb23ae1d48887544976efea46a48eb5d85a6eeb4d306,b746356b9c2afdce96197d490c00d864c54c432d61f49dd99f70520ce199f8e8,eb06b33ea7d020074c0e9df804c2b1168e531f64ec7fc3b7521fc25317be446c,c216f4a709b45177d40da3228690f31f68a0e62fe3d0bc4ab6f82977f54ae13d,eb06b33ea7d020074c0e9df804c2b1168e531f64ec7fc3b7521fc25317be446c,9b209a8df4da4b8d1324a72922683c465c740844eef3302799083ed553935116,457,475,3c2a0cf59cd5404e5fca0d371bf5e0e90dfa32aad052191ab078b70f7a555fca,fb2a4edd17f56dd07d1c9aef6b98e9094c35846f260bdc765c87bd6f2e8a7921,c216f4a709b45177d40da3228690f31f68a0e62fe3d0bc4ab6f82977f54ae13d,f1a44aec2841b6104174dd62a570041c258aaa26d69ea3a7bd10da19a77f9371,de5a6f78116eca62d7fc5ce159d23ae6b889b365a1739ad2cf36f925a140d0cc,61654.173074514416,435.6543039931017,429,ebafc7f8530e495245bdfba503810ccef462ce7630766e7e1b9ec8dec07f160d,02cb6fa562753c7e2863d7f7251cff6d60435180f1b80156a5a220d591047b3b,eb06b33ea7d020074c0e9df804c2b1168e531f64ec7fc3b7521fc25317be446c-f1a44aec2841b6104174dd62a570041c258aaa26d69ea3a7bd10da19a77f9371,c216f4a709b45177d40da3228690f31f68a0e62fe3d0bc4ab6f82977f54ae13d,c216f4a709b45177d40da3228690f31f68a0e62fe3d0bc4ab6f82977f54ae13d-eb06b33ea7d020074c0e9df804c2b1168e531f64ec7fc3b7521fc25317be446c,9b209a8df4da4b8d1324a72922683c465c740844eef3302799083ed553935116-c216f4a709b45177d40da3228690f31f68a0e62fe3d0bc4ab6f82977f54ae13d-eb06b33ea7d020074c0e9df804c2b1168e531f64ec7fc3b7521fc25317be446c,1
ad57366865126e55649ecb23ae1d48887544976efea46a48eb5d85a6eeb4d306,40510175845988f13f6162ed8526f0b09f73384467fa855e1e79b44a56562a58,16189a630bebe5af2758070eb7d92ccb12edc3d4913a9c48754b8ba60e98fc8a,c2bb3b34c7d0fafdfe81229c0834926066486aff6ffdc72ba7ffa8a2610096fb,16189a630bebe5af2758070eb7d92ccb12edc3d4913a9c48754b8ba60e98fc8a,9b209a8df4da4b8d1324a72922683c465c740844eef3302799083ed553935116,128,59,713aeb7f49249d8818377d6c183895d3cc5ff7f5e35eeec3392d00180e84584f,fb2a4edd17f56dd07d1c9aef6b98e9094c35846f260bdc765c87bd6f2e8a7921,c2bb3b34c7d0fafdfe81229c0834926066486aff6ffdc72ba7ffa8a2610096fb,2ed7491f6ac5940969b6d3db3b8b07884d18a42e31380d4f7a94e4165ef78771,8de0b3c47f112c59745f717a626932264c422a7563954872e237b223af4ad643,385.70423140348487,47.68867915156166,326,ebafc7f8530e495245bdfba503810ccef462ce7630766e7e1b9ec8dec07f160d,a26cdf3a6e709124385d4d7eb9bff6b897a58ed5597fbab779b89849dbe81b21,16189a630bebe5af2758070eb7d92ccb12edc3d4913a9c48754b8ba60e98fc8a-2ed7491f6ac5940969b6d3db3b8b07884d18a42e31380d4f7a94e4165ef78771,c2bb3b34c7d0fafdfe81229c0834926066486aff6ffdc72ba7ffa8a2610096fb,c2bb3b34c7d0fafdfe81229c0834926066486aff6ffdc72ba7ffa8a2610096fb-16189a630bebe5af2758070eb7d92ccb12edc3d4913a9c48754b8ba60e98fc8a,9b209a8df4da4b8d1324a72922683c465c740844eef3302799083ed553935116-c2bb3b34c7d0fafdfe81229c0834926066486aff6ffdc72ba7ffa8a2610096fb-16189a630bebe5af2758070eb7d92ccb12edc3d4913a9c48754b8ba60e98fc8a,1
ad57366865126e55649ecb23ae1d48887544976efea46a48eb5d85a6eeb4d306,a5081fc73076c5a428943513612ea2a409547a044186bf1008ae39c96a6c8196,441d0f9d83bda47bf7bed634bf4e28e06e565452026f74bbd33a312ead7b4d2c,c2bb3b34c7d0fafdfe81229c0834926066486aff6ffdc72ba7ffa8a2610096fb,441d0f9d83bda47bf7bed634bf4e28e06e565452026f74bbd33a312ead7b4d2c,9b209a8df4da4b8d1324a72922683c465c740844eef3302799083ed553935116,487,78,713aeb7f49249d8818377d6c183895d3cc5ff7f5e35eeec3392d00180e84584f,fb2a4edd17f56dd07d1c9aef6b98e9094c35846f260bdc765c87bd6f2e8a7921,c2bb3b34c7d0fafdfe81229c0834926066486aff6ffdc72ba7ffa8a2610096fb,5f5648af8090e33cdf2c790ab5772a53e2f800f4c8d8dd6bb2ad1f2501a9a547,8de0b3c47f112c59745f717a626932264c422a7563954872e237b223af4ad643,7413.889655259338,6914.437676353388,148,ebafc7f8530e495245bdfba503810ccef462ce7630766e7e1b9ec8dec07f160d,a26cdf3a6e709124385d4d7eb9bff6b897a58ed5597fbab779b89849dbe81b21,441d0f9d83bda47bf7bed634bf4e28e06e565452026f74bbd33a312ead7b4d2c-5f5648af8090e33cdf2c790ab5772a53e2f800f4c8d8dd6bb2ad1f2501a9a547,c2bb3b34c7d0fafdfe81229c0834926066486aff6ffdc72ba7ffa8a2610096fb,c2bb3b34c7d0fafdfe81229c0834926066486aff6ffdc72ba7ffa8a2610096fb-441d0f9d83bda47bf7bed634bf4e28e06e565452026f74bbd33a312ead7b4d2c,9b209a8df4da4b8d1324a72922683c465c740844eef3302799083ed553935116-c2bb3b34c7d0fafdfe81229c0834926066486aff6ffdc72ba7ffa8a2610096fb-441d0f9d83bda47bf7bed634bf4e28e06e565452026f74bbd33a312ead7b4d2c,1
ad57366865126e55649ecb23ae1d48887544976efea46a48eb5d85a6eeb4d306,bd14620394b6083fbf735bbfc55773765de1d750ec053f281fe77d7764d7b36b,55884750c4a8f29a9ee3ed3823b2e64f3320f13c3a04ec45e1b2ef79518d8ebe,c2bb3b34c7d0fafdfe81229c0834926066486aff6ffdc72ba7ffa8a2610096fb,55884750c4a8f29a9ee3ed3823b2e64f3320f13c3a04ec45e1b2ef79518d8ebe,9b209a8df4da4b8d1324a72922683c465c740844eef3302799083ed553935116,350,214,713aeb7f49249d8818377d6c183895d3cc5ff7f5e35eeec3392d00180e84584f,fb2a4edd17f56dd07d1c9aef6b98e9094c35846f260bdc765c87bd6f2e8a7921,c2bb3b34c7d0fafdfe81229c0834926066486aff6ffdc72ba7ffa8a2610096fb,64c0dc3303c75892910f50ff3149655fdfb5d021e7f31c03f231e29830c6c629,8de0b3c47f112c59745f717a626932264c422a7563954872e237b223af4ad643,325.94755113172954,133.7456323711863,349,ebafc7f8530e495245bdfba503810ccef462ce7630766e7e1b9ec8dec07f160d,a4d8d54d911941f3926f0b21a8aa8d8ee2ba8951b017d8157f5a3e7712869ef2,55884750c4a8f29a9ee3ed3823b2e64f3320f13c3a04ec45e1b2ef79518d8ebe-64c0dc3303c75892910f50ff3149655fdfb5d021e7f31c03f231e29830c6c629,c2bb3b34c7d0fafdfe81229c0834926066486aff6ffdc72ba7ffa8a2610096fb,c2bb3b34c7d0fafdfe81229c0834926066486aff6ffdc72ba7ffa8a2610096fb-55884750c4a8f29a9ee3ed3823b2e64f3320f13c3a04ec45e1b2ef79518d8ebe,9b209a8df4da4b8d1324a72922683c465c740844eef3302799083ed553935116-c2bb3b34c7d0fafdfe81229c0834926066486aff6ffdc72ba7ffa8a2610096fb-55884750c4a8f29a9ee3ed3823b2e64f3320f13c3a04ec45e1b2ef79518d8ebe,1
ad57366865126e55649ecb23ae1d48887544976efea46a48eb5d85a6eeb4d306,ecd8e4da8db957686847a87370033f9b64fa9348bfd71d830d1cbd4fbcb7dd8f,604edb6abb13f37743fc6457e66514ad09820665926dd2f1b1b4ffed85f636a9,c2bb3b34c7d0fafdfe81229c0834926066486aff6ffdc72ba7ffa8a2610096fb,604edb6abb13f37743fc6457e66514ad09820665926dd2f1b1b4ffed85f636a9,9b209a8df4da4b8d1324a72922683c465c740844eef3302799083ed553935116,365,18,3c2a0cf59cd5404e5fca0d371bf5e0e90dfa32aad052191ab078b70f7a555fca,fb2a4edd17f56dd07d1c9aef6b98e9094c35846f260bdc765c87bd6f2e8a7921,c2bb3b34c7d0fafdfe81229c0834926066486aff6ffdc72ba7ffa8a2610096fb,59963e34e135776f141aa39abb087781cf7c8ac102162949f00902cceef5e35e,de5a6f78116eca62d7fc5ce159d23ae6b889b365a1739ad2cf36f925a140d0cc,126.65864625382962,128.95519435504272,421,ebafc7f8530e495245bdfba503810ccef462ce7630766e7e1b9ec8dec07f160d,402419e92096bd4ab499de51bffcdcacb13eeb4b6452b327a334799ffd9f4df5,604edb6abb13f37743fc6457e66514ad09820665926dd2f1b1b4ffed85f636a9-59963e34e135776f141aa39abb087781cf7c8ac102162949f00902cceef5e35e,c2bb3b34c7d0fafdfe81229c0834926066486aff6ffdc72ba7ffa8a2610096fb,c2bb3b34c7d0fafdfe81229c0834926066486aff6ffdc72ba7ffa8a2610096fb-604edb6abb13f37743fc6457e66514ad09820665926dd2f1b1b4ffed85f636a9,9b209a8df4da4b8d1324a72922683c465c740844eef3302799083ed553935116-c2bb3b34c7d0fafdfe81229c0834926066486aff6ffdc72ba7ffa8a2610096fb-604edb6abb13f37743fc6457e66514ad09820665926dd2f1b1b4ffed85f636a9,1
ad57366865126e55649ecb23ae1d48887544976efea46a48eb5d85a6eeb4d306,d8d0dedb4bda4204d0b5e1de5a990a00757aa2d80a64bd97699cad3b3d6fbf5f,d224abab6ebe3409d53027aa0f341be71af02954204474f314839105deeed771,c2bb3b34c7d0fafdfe81229c0834926066486aff6ffdc72ba7ffa8a2610096fb,d224abab6ebe3409d53027aa0f341be71af02954204474f314839105deeed771,9b209a8df4da4b8d1324a72922683c465c740844eef3302799083ed553935116,494,498,3c2a0cf59cd5404e5fca0d371bf5e0e90dfa32aad052191ab078b70f7a555fca,fb2a4edd17f56dd07d1c9aef6b98e9094c35846f260bdc765c87bd6f2e8a7921,c2bb3b34c7d0fafdfe81229c0834926066486aff6ffdc72ba7ffa8a2610096fb,9698d1a589174924774f619802a6d7b1777c52824ac6cc2a19581e7445d6472a,de5a6f78116eca62d7fc5ce159d23ae6b889b365a1739ad2cf36f925a140d0cc,112.12970755625223,212.06705732682008,309,ebafc7f8530e495245bdfba503810ccef462ce7630766e7e1b9ec8dec07f160d,78bc8448cb3e1be847ed5c6e651fe78575d28cda36c4e53664a9917d332157b9,d224abab6ebe3409d53027aa0f341be71af02954204474f314839105deeed771-9698d1a589174924774f619802a6d7b1777c52824ac6cc2a19581e7445d6472a,c2bb3b34c7d0fafdfe81229c0834926066486aff6ffdc72ba7ffa8a2610096fb,c2bb3b34c7d0fafdfe81229c0834926066486aff6ffdc72ba7ffa8a2610096fb-d224abab6ebe3409d53027aa0f341be71af02954204474f314839105deeed771,9b209a8df4da4b8d1324a72922683c465c740844eef3302799083ed553935116-c2bb3b34c7d0fafdfe81229c0834926066486aff6ffdc72ba7ffa8a2610096fb-d224abab6ebe3409d53027aa0f341be71af02954204474f314839105deeed771,1
ad57366865126e55649ecb23ae1d48887544976efea46a48eb5d85a6eeb4d306,b746356b9c2afdce96197d490c00d864c54c432d61f49dd99f70520ce199f8e8,eb06b33ea7d020074c0e9df804c2b1168e531f64ec7fc3b7521fc25317be446c,c2bb3b34c7d0fafdfe81229c0834926066486aff6ffdc72ba7ffa8a2610096fb,eb06b33ea7d020074c0e9df804c2b1168e531f64ec7fc3b7521fc25317be446c,9b209a8df4da4b8d1324a72922683c465c740844eef3302799083ed553935116,140,311,3c2a0cf59cd5404e5fca0d371bf5e0e90dfa32aad052191ab078b70f7a555fca,fb2a4edd17f56dd07d1c9aef6b98e9094c35846f260bdc765c87bd6f2e8a7921,c2bb3b34c7d0fafdfe81229c0834926066486aff6ffdc72ba7ffa8a2610096fb,f1a44aec2841b6104174dd62a570041c258aaa26d69ea3a7bd10da19a77f9371,de5a6f78116eca62d7fc5ce159d23ae6b889b365a1739ad2cf36f925a140d0cc,416.6233124765435,247.52766461033704,45,ebafc7f8530e495245bdfba503810ccef462ce7630766e7e1b9ec8dec07f160d,02cb6fa562753c7e2863d7f7251cff6d60435180f1b80156a5a220d591047b3b,eb06b33ea7d020074c0e9df804c2b1168e531f64ec7fc3b7521fc25317be446c-f1a44aec2841b6104174dd62a570041c258aaa26d69ea3a7bd10da19a77f9371,c2bb3b34c7d0fafdfe81229c0834926066486aff6ffdc72ba7ffa8a2610096fb,c2bb3b34c7d0fafdfe81229c0834926066486aff6ffdc72ba7ffa8a2610096fb-eb06b33ea7d020074c0e9df804c2b1168e531f64ec7fc3b7521fc25317be446c,9b209a8df4da4b8d1324a72922683c465c740844eef3302799083ed553935116-c2bb3b34c7d0fafdfe81229c0834926066486aff6ffdc72ba7ffa8a2610096fb-eb06b33ea7d020074c0e9df804c2b1168e531f64ec7fc3b7521fc25317be446c,1
