MANDT,BWKEY,BUKRS,BWMOD,XBKNG,MLBWA,MLBWV,XVKBW,ERKLAERKOM,UPROF,WBPRO,MLAST,MLASV,BDIFP,XLBPD,XEWRX,X2FDO,PRSFR,MLCCS,XEFRE,EFREJ,sur_pkey,SOURCE_SYSTEM_ERP
ad57366865126e55649ecb23ae1d48887544976efea46a48eb5d85a6eeb4d306,888b19a43b151683c87895f6211d9f8640f97bdc8ef32f03dbe057c8f5e56d32,888b19a43b151683c87895f6211d9f8640f97bdc8ef32f03dbe057c8f5e56d32,888b19a43b151683c87895f6211d9f8640f97bdc8ef32f03dbe057c8f5e56d32,,,,,,,,,,469.79964457467275,,4b68ab3847feda7d6c62c1fbcbeebfa35eab7351ed5e78f4ddadea5df64b8015,4b68ab3847feda7d6c62c1fbcbeebfa35eab7351ed5e78f4ddadea5df64b8015,,,4b68ab3847feda7d6c62c1fbcbeebfa35eab7351ed5e78f4ddadea5df64b8015,5feceb66ffc86f38d952786c6d696c79c2dbc239dd4e91b46729d73a27fb57e9,b2021fd508949825e7b612107bb183b886841ac8ae26ea8b60d69768329b0b95,9b209a8df4da4b8d1324a72922683c465c740844eef3302799083ed553935116
ad57366865126e55649ecb23ae1d48887544976efea46a48eb5d85a6eeb4d306,b23c0b06c125b17904c69fccff17e4c88dc06e9deb39fc02b71beb2bc8e5c9ab,a64332fe1df1790cb79d428bf5b5767ddd589b1cca825cb1b9eb30f7e9aaee03,86b129a5693ccf987e47dc3b0387a8f9369f732515fca4c17e1486c3f1a41854,,,,,,,,,,325.4899025463923,,,,,,4b68ab3847feda7d6c62c1fbcbeebfa35eab7351ed5e78f4ddadea5df64b8015,5feceb66ffc86f38d952786c6d696c79c2dbc239dd4e91b46729d73a27fb57e9,d5d8aee5c906aed4a46438c29529bafecf5cd70cabe8642d05546506f2a9fb33,9b209a8df4da4b8d1324a72922683c465c740844eef3302799083ed553935116
ad57366865126e55649ecb23ae1d48887544976efea46a48eb5d85a6eeb4d306,fef5dd7fb2eda5bba235c7335080f00c5d3670ef23e61b60a6201085147aae23,4ab34cdf3e765ab1629ed66b4d683a8d5bd014b8b7e8f2f3edd4cfab45101031,86b129a5693ccf987e47dc3b0387a8f9369f732515fca4c17e1486c3f1a41854,,,,,,,,,,109.81460384819613,,,,,,4b68ab3847feda7d6c62c1fbcbeebfa35eab7351ed5e78f4ddadea5df64b8015,5feceb66ffc86f38d952786c6d696c79c2dbc239dd4e91b46729d73a27fb57e9,8b8f97dc286d559d3d0756a13faa32b91b97e920ea4f16822cda4c36e3460bc7,9b209a8df4da4b8d1324a72922683c465c740844eef3302799083ed553935116
ad57366865126e55649ecb23ae1d48887544976efea46a48eb5d85a6eeb4d306,449d411bf2e9e2624a55d3b3a2821310c0734c428ba367b51b3c4b7fc1bc90b3,61dd8cd59a50bdaed10cc8e749b8015d81ed830a990e255186f44dae78d6d20f,86b129a5693ccf987e47dc3b0387a8f9369f732515fca4c17e1486c3f1a41854,,,,,,,,,,380.8785654249653,,,,,,4b68ab3847feda7d6c62c1fbcbeebfa35eab7351ed5e78f4ddadea5df64b8015,5feceb66ffc86f38d952786c6d696c79c2dbc239dd4e91b46729d73a27fb57e9,543f41a88abd62793c4225573e8c55f752758bc1a225dcca1e847c19a6af9c06,9b209a8df4da4b8d1324a72922683c465c740844eef3302799083ed553935116
ad57366865126e55649ecb23ae1d48887544976efea46a48eb5d85a6eeb4d306,8ab9ed74a57f4aeb494fea1b889e77ebbd8bda65366d2e6a52ccc625be23dc55,0eaa69a16d7c358a329a7111a809bd2f9a7ff489596bdda17538705e9e03e05d,86b129a5693ccf987e47dc3b0387a8f9369f732515fca4c17e1486c3f1a41854,,,,,,,,,,190.70526311164082,,,,,,4b68ab3847feda7d6c62c1fbcbeebfa35eab7351ed5e78f4ddadea5df64b8015,5feceb66ffc86f38d952786c6d696c79c2dbc239dd4e91b46729d73a27fb57e9,665b7570fc6a843e4126c9cd5ad326bd7e9693378d4491a75c8c74538d07fc03,9b209a8df4da4b8d1324a72922683c465c740844eef3302799083ed553935116
ad57366865126e55649ecb23ae1d48887544976efea46a48eb5d85a6eeb4d306,f2edecf9cc02410bcc6313714fce1b39e379c3e77bb3b3434bc088d1f7ff514d,d2388821e8b13716fc4a68f4a82fd8c66265b9cccb7b7ed3ad88d3be47418b9c,86b129a5693ccf987e47dc3b0387a8f9369f732515fca4c17e1486c3f1a41854,,,,,,,,,,66.49185182365468,,,,,,4b68ab3847feda7d6c62c1fbcbeebfa35eab7351ed5e78f4ddadea5df64b8015,5feceb66ffc86f38d952786c6d696c79c2dbc239dd4e91b46729d73a27fb57e9,eb03d33ade67eea71658ff3d73434e194f1e077fa7c54c58355b571265c07ae1,9b209a8df4da4b8d1324a72922683c465c740844eef3302799083ed553935116
ad57366865126e55649ecb23ae1d48887544976efea46a48eb5d85a6eeb4d306,15d38e9052bf36947311479e136134597973b202ede5b0c3653ba2629b0d79b2,e50b6b02d6d90ddc9e3801a28ee7aaee2bb527371de05a11f294dddaac62d513,86b129a5693ccf987e47dc3b0387a8f9369f732515fca4c17e1486c3f1a41854,,,,,,,,,,366.2495321970577,,,,,,4b68ab3847feda7d6c62c1fbcbeebfa35eab7351ed5e78f4ddadea5df64b8015,5feceb66ffc86f38d952786c6d696c79c2dbc239dd4e91b46729d73a27fb57e9,4e5ba55568a6bfd99c80b44ae4df38cd87357f9c37bfbde78ac08c5f8d8271ef,9b209a8df4da4b8d1324a72922683c465c740844eef3302799083ed553935116
ad57366865126e55649ecb23ae1d48887544976efea46a48eb5d85a6eeb4d306,f4da168bb496eda78276977a14a2eb051f8828fd7f6b9733b03c99a3e57393b6,5765dac074bd446d1635f06198868434ca02fd4325786cf123543754d832de74,86b129a5693ccf987e47dc3b0387a8f9369f732515fca4c17e1486c3f1a41854,,,,,,,,,,19.175590757142757,,,,,,,5feceb66ffc86f38d952786c6d696c79c2dbc239dd4e91b46729d73a27fb57e9,7b9bb0695817ee27b86ff03c04bf4b90463e2abc5fda9cf7d6a885caa643feb3,9b209a8df4da4b8d1324a72922683c465c740844eef3302799083ed553935116
ad57366865126e55649ecb23ae1d48887544976efea46a48eb5d85a6eeb4d306,03bd92369bd0c6b48f1d2d2cc6dc57bdbd78d14287aee8ae25b97436659fc7f2,40510175845988f13f6162ed8526f0b09f73384467fa855e1e79b44a56562a58,443e70d42455655bd5d467d2756bfe91100e78f4245628ee164acc06c3b1888a,,,,,,,,,,256.45499265992225,,,,,,4b68ab3847feda7d6c62c1fbcbeebfa35eab7351ed5e78f4ddadea5df64b8015,5feceb66ffc86f38d952786c6d696c79c2dbc239dd4e91b46729d73a27fb57e9,7a5e894d2779f946142acc7ea5ef968548aca23d645c660ded931383258f5dee,9b209a8df4da4b8d1324a72922683c465c740844eef3302799083ed553935116
ad57366865126e55649ecb23ae1d48887544976efea46a48eb5d85a6eeb4d306,675ed052ee32ca0392b8a37b4aa5a22eaa5a10d76d92cae329674b5b2933f6b3,1fdc5156dff53e1ed8febfd0bfdfeedba271cde3e7bae67acd44e715a1badc78,86b129a5693ccf987e47dc3b0387a8f9369f732515fca4c17e1486c3f1a41854,,,,,,,,,,35.93001640371979,,,,,,,5feceb66ffc86f38d952786c6d696c79c2dbc239dd4e91b46729d73a27fb57e9,c1bf429f0b082caa25a543d373215d7f13f524cb592c1a20ad771dd00dfd2462,9b209a8df4da4b8d1324a72922683c465c740844eef3302799083ed553935116
ad57366865126e55649ecb23ae1d48887544976efea46a48eb5d85a6eeb4d306,30c57b29205228d5509a1dcc44d247738983183fe77817adb2c8449070a2aa48,84bdcd156603935b711cccd5a7c44b59a475e44429ab0f8a27ec18e175817436,86b129a5693ccf987e47dc3b0387a8f9369f732515fca4c17e1486c3f1a41854,,,,,,,,,,210.28786544377925,,,,,,4b68ab3847feda7d6c62c1fbcbeebfa35eab7351ed5e78f4ddadea5df64b8015,5feceb66ffc86f38d952786c6d696c79c2dbc239dd4e91b46729d73a27fb57e9,65dda5b57f8be030f85f49cfdb069bab7753a0f6db6af5f06b7dede732133f1f,9b209a8df4da4b8d1324a72922683c465c740844eef3302799083ed553935116
ad57366865126e55649ecb23ae1d48887544976efea46a48eb5d85a6eeb4d306,c7800a11d676f733dbfb8ddb8f62ce9546720e29b090e1fc154a151cbbb80c74,1fdc5156dff53e1ed8febfd0bfdfeedba271cde3e7bae67acd44e715a1badc78,443e70d42455655bd5d467d2756bfe91100e78f4245628ee164acc06c3b1888a,,,,,,,,,,136.50840103031848,,,,,,4b68ab3847feda7d6c62c1fbcbeebfa35eab7351ed5e78f4ddadea5df64b8015,5feceb66ffc86f38d952786c6d696c79c2dbc239dd4e91b46729d73a27fb57e9,d15445ec11bf0903599fc7ce69d08f97c6f01d43e3735e1c1479f4c554109736,9b209a8df4da4b8d1324a72922683c465c740844eef3302799083ed553935116
ad57366865126e55649ecb23ae1d48887544976efea46a48eb5d85a6eeb4d306,7f6aae7355faebbb97a0b82fbce9bbeaacdd95c0815f7f32dca2c0d1390be2f0,e04f202d6cfd37111173ad142378f21694deda7d378043a89b96bc03adabdbe9,86b129a5693ccf987e47dc3b0387a8f9369f732515fca4c17e1486c3f1a41854,,,,,,,,,,226.5779787907869,,,,,,4b68ab3847feda7d6c62c1fbcbeebfa35eab7351ed5e78f4ddadea5df64b8015,5feceb66ffc86f38d952786c6d696c79c2dbc239dd4e91b46729d73a27fb57e9,0c9679f7dea6e8982a32f2c1ca3b7792d86c0ee0eec8efcbf8b6f07a7a86d507,9b209a8df4da4b8d1324a72922683c465c740844eef3302799083ed553935116
ad57366865126e55649ecb23ae1d48887544976efea46a48eb5d85a6eeb4d306,2de487e1af8b28123d8b782b00514c8941e03c581bcc77f07a0b61592a410d9a,bb4d3bd125603e48cf30c795c427afd9da53f3a70482aa98ca3b8bbe1980d021,86b129a5693ccf987e47dc3b0387a8f9369f732515fca4c17e1486c3f1a41854,,,,,,,,,,185.20353477024415,,,,,,4b68ab3847feda7d6c62c1fbcbeebfa35eab7351ed5e78f4ddadea5df64b8015,5feceb66ffc86f38d952786c6d696c79c2dbc239dd4e91b46729d73a27fb57e9,7d8cf647e5f4a8e52b9c75fe8be6d1ffaf45b27da25f9d323f3fd9c7b198677c,9b209a8df4da4b8d1324a72922683c465c740844eef3302799083ed553935116
ad57366865126e55649ecb23ae1d48887544976efea46a48eb5d85a6eeb4d306,9eed9066a7906bfe111eceec3689ce91f21100f99b4a8495bb222d50cf4f68b2,bb4d3bd125603e48cf30c795c427afd9da53f3a70482aa98ca3b8bbe1980d021,86b129a5693ccf987e47dc3b0387a8f9369f732515fca4c17e1486c3f1a41854,,,,,,,,,,300.98961638163905,,,,,,4b68ab3847feda7d6c62c1fbcbeebfa35eab7351ed5e78f4ddadea5df64b8015,5feceb66ffc86f38d952786c6d696c79c2dbc239dd4e91b46729d73a27fb57e9,5ae7fd3b1e891728e6a5f2b838a88f408d912258b3d79cc5ba20f9c2f606cba5,9b209a8df4da4b8d1324a72922683c465c740844eef3302799083ed553935116
ad57366865126e55649ecb23ae1d48887544976efea46a48eb5d85a6eeb4d306,eb06b33ea7d020074c0e9df804c2b1168e531f64ec7fc3b7521fc25317be446c,b746356b9c2afdce96197d490c00d864c54c432d61f49dd99f70520ce199f8e8,86b129a5693ccf987e47dc3b0387a8f9369f732515fca4c17e1486c3f1a41854,,,,,,,,,,347.0793459584875,,,,,,4b68ab3847feda7d6c62c1fbcbeebfa35eab7351ed5e78f4ddadea5df64b8015,5feceb66ffc86f38d952786c6d696c79c2dbc239dd4e91b46729d73a27fb57e9,e2a97a2276585d6b94d5f8163265fa60ae528e27aa9d1bf4a4de5e0ffd29b430,9b209a8df4da4b8d1324a72922683c465c740844eef3302799083ed553935116
ad57366865126e55649ecb23ae1d48887544976efea46a48eb5d85a6eeb4d306,30f20a4c959ae0d3b70284635720f32472c5ebaa6a280172ff60fbc36729af1a,3e6fadf870460e8de27944dbf668c111feafdecd7ad396aff65380cde34051b4,86b129a5693ccf987e47dc3b0387a8f9369f732515fca4c17e1486c3f1a41854,,,,,,,,,,73.76200857003512,,,,,,4b68ab3847feda7d6c62c1fbcbeebfa35eab7351ed5e78f4ddadea5df64b8015,5feceb66ffc86f38d952786c6d696c79c2dbc239dd4e91b46729d73a27fb57e9,6a07a6e6b496c265b24a6944661785bd21e6389d2a36d1867f7acfb33fc86bb1,9b209a8df4da4b8d1324a72922683c465c740844eef3302799083ed553935116
ad57366865126e55649ecb23ae1d48887544976efea46a48eb5d85a6eeb4d306,56d9b85b38b5c99800e91d6c4a41f1f1b592be59ccfbf1aff7d1c0960619a319,3e6fadf870460e8de27944dbf668c111feafdecd7ad396aff65380cde34051b4,86b129a5693ccf987e47dc3b0387a8f9369f732515fca4c17e1486c3f1a41854,,,,,,,,,,171.6776971521169,,,,,,4b68ab3847feda7d6c62c1fbcbeebfa35eab7351ed5e78f4ddadea5df64b8015,5feceb66ffc86f38d952786c6d696c79c2dbc239dd4e91b46729d73a27fb57e9,d9ad9e24e1b738c862cc941340966679889b7b8bc1a758c014570776f8208b07,9b209a8df4da4b8d1324a72922683c465c740844eef3302799083ed553935116
ad57366865126e55649ecb23ae1d48887544976efea46a48eb5d85a6eeb4d306,d1ae2cde7fc827378e30465c0d25ed5fd9a90c4e8dcd9e50a698041c42844bda,1625f9db144171f78dc64afa00f5f5065f176d05eb8f9dcb11f6c8cd3624aaa6,86b129a5693ccf987e47dc3b0387a8f9369f732515fca4c17e1486c3f1a41854,,,,,,,,,,417.21200007012,,,,,,4b68ab3847feda7d6c62c1fbcbeebfa35eab7351ed5e78f4ddadea5df64b8015,5feceb66ffc86f38d952786c6d696c79c2dbc239dd4e91b46729d73a27fb57e9,f402da44f3432ad889fa3ecbc344eaa1081dc4ad00faa9de5f6c2aef6887befa,9b209a8df4da4b8d1324a72922683c465c740844eef3302799083ed553935116
ad57366865126e55649ecb23ae1d48887544976efea46a48eb5d85a6eeb4d306,d1a502f290368a4fddf2ba3fc2c6595712e7438dafca7bae290b76d197efc6df,40510175845988f13f6162ed8526f0b09f73384467fa855e1e79b44a56562a58,86b129a5693ccf987e47dc3b0387a8f9369f732515fca4c17e1486c3f1a41854,,,,,,,,,,344.6769859675345,,,,,,4b68ab3847feda7d6c62c1fbcbeebfa35eab7351ed5e78f4ddadea5df64b8015,5feceb66ffc86f38d952786c6d696c79c2dbc239dd4e91b46729d73a27fb57e9,9a38f981965535911f64604d62dab015e27658bc59fdbbe48741fb02eed43a5e,9b209a8df4da4b8d1324a72922683c465c740844eef3302799083ed553935116
ad57366865126e55649ecb23ae1d48887544976efea46a48eb5d85a6eeb4d306,16189a630bebe5af2758070eb7d92ccb12edc3d4913a9c48754b8ba60e98fc8a,40510175845988f13f6162ed8526f0b09f73384467fa855e1e79b44a56562a58,86b129a5693ccf987e47dc3b0387a8f9369f732515fca4c17e1486c3f1a41854,,,,,,,,,,67.9320720748488,,,,,,4b68ab3847feda7d6c62c1fbcbeebfa35eab7351ed5e78f4ddadea5df64b8015,5feceb66ffc86f38d952786c6d696c79c2dbc239dd4e91b46729d73a27fb57e9,de751bc62befdf4584ebecaadc8179cf8419e879c24e8006d1b10545ea4516ee,9b209a8df4da4b8d1324a72922683c465c740844eef3302799083ed553935116
ad57366865126e55649ecb23ae1d48887544976efea46a48eb5d85a6eeb4d306,aea3fa3fd47282d0ab49e0356dc95eef59d8de56ad1ff622adc35fb6a4247a6a,63d942da157a1ee4e0cf3f5bbf3984243788e786641466444cf3f5c2c604d41d,86b129a5693ccf987e47dc3b0387a8f9369f732515fca4c17e1486c3f1a41854,,,,,,,,,,48.9863663178563,,,,,,,5feceb66ffc86f38d952786c6d696c79c2dbc239dd4e91b46729d73a27fb57e9,4642fd15ba1e56f53235cd52e1e8909e4879b90bbd8f40dc481d09ba77107ce2,9b209a8df4da4b8d1324a72922683c465c740844eef3302799083ed553935116
ad57366865126e55649ecb23ae1d48887544976efea46a48eb5d85a6eeb4d306,f61ae55af51a808d77c53013415da7bb984e43d3d1f617a4782005c9e7326f3b,40510175845988f13f6162ed8526f0b09f73384467fa855e1e79b44a56562a58,86b129a5693ccf987e47dc3b0387a8f9369f732515fca4c17e1486c3f1a41854,,,,,,,,,,73.50485092536424,,,,,,4b68ab3847feda7d6c62c1fbcbeebfa35eab7351ed5e78f4ddadea5df64b8015,5feceb66ffc86f38d952786c6d696c79c2dbc239dd4e91b46729d73a27fb57e9,09022277c26ac99ec403a9e19b218a52d3eba7eafd5e8efb3182fe6dfd816bb7,9b209a8df4da4b8d1324a72922683c465c740844eef3302799083ed553935116
ad57366865126e55649ecb23ae1d48887544976efea46a48eb5d85a6eeb4d306,b279a26b265db41d4ce9592252d43f50c8d5ea883f105cc6404ee46a70b7aa46,40510175845988f13f6162ed8526f0b09f73384467fa855e1e79b44a56562a58,86b129a5693ccf987e47dc3b0387a8f9369f732515fca4c17e1486c3f1a41854,,,,,,,,,,467.9873203977108,,,,,,,5feceb66ffc86f38d952786c6d696c79c2dbc239dd4e91b46729d73a27fb57e9,b0f91aa519fa401eb9ca62783f569d561f8a0d7c0dd67fed57e279e9d928a09c,9b209a8df4da4b8d1324a72922683c465c740844eef3302799083ed553935116
ad57366865126e55649ecb23ae1d48887544976efea46a48eb5d85a6eeb4d306,a69c9b46bf33d641d306583134bd2680744d5e32ac1f1f5e9572e4b8c101b35a,40510175845988f13f6162ed8526f0b09f73384467fa855e1e79b44a56562a58,86b129a5693ccf987e47dc3b0387a8f9369f732515fca4c17e1486c3f1a41854,,,,,,,,,,198.88012926865673,,,,,,4b68ab3847feda7d6c62c1fbcbeebfa35eab7351ed5e78f4ddadea5df64b8015,5feceb66ffc86f38d952786c6d696c79c2dbc239dd4e91b46729d73a27fb57e9,f4ce1a2ec379aa65d7a39cb7e406a42f901630341d88276cb19bfb2adb8cea5f,9b209a8df4da4b8d1324a72922683c465c740844eef3302799083ed553935116
ad57366865126e55649ecb23ae1d48887544976efea46a48eb5d85a6eeb4d306,b4d93284734fb495ea8968e2279f8f6638ac57a050f3d51985b20980c3df0c74,63d942da157a1ee4e0cf3f5bbf3984243788e786641466444cf3f5c2c604d41d,86b129a5693ccf987e47dc3b0387a8f9369f732515fca4c17e1486c3f1a41854,,,,,,,,,,43.9646457294296,,,,,,4b68ab3847feda7d6c62c1fbcbeebfa35eab7351ed5e78f4ddadea5df64b8015,5feceb66ffc86f38d952786c6d696c79c2dbc239dd4e91b46729d73a27fb57e9,15909bcee05dd167cf16ef3eee451ea0d45d116602dd57aac1fd000b9c848df0,9b209a8df4da4b8d1324a72922683c465c740844eef3302799083ed553935116
ad57366865126e55649ecb23ae1d48887544976efea46a48eb5d85a6eeb4d306,0c66c13e8056f48cb93e9abe839c6af0aa9a54a7f532863676d7d5c29deade11,63d942da157a1ee4e0cf3f5bbf3984243788e786641466444cf3f5c2c604d41d,86b129a5693ccf987e47dc3b0387a8f9369f732515fca4c17e1486c3f1a41854,,,,,,,,,,187.45810794219327,,,,,,4b68ab3847feda7d6c62c1fbcbeebfa35eab7351ed5e78f4ddadea5df64b8015,5feceb66ffc86f38d952786c6d696c79c2dbc239dd4e91b46729d73a27fb57e9,21a2548414dd512d33f3c1eafd2a4db2dcb4cc08259419371eba3dec3e780da8,9b209a8df4da4b8d1324a72922683c465c740844eef3302799083ed553935116
ad57366865126e55649ecb23ae1d48887544976efea46a48eb5d85a6eeb4d306,610788ae5cdf34effeea2e7b8e2d115c2afceb826675e2814ee2d8d3344707f7,3d3f6ca967cfcb89fb92cf4538368d3a24186ce44fefb8934d3b4f430fa6902f,86b129a5693ccf987e47dc3b0387a8f9369f732515fca4c17e1486c3f1a41854,,,,,,,,,,33.094130751511685,,,,,,4b68ab3847feda7d6c62c1fbcbeebfa35eab7351ed5e78f4ddadea5df64b8015,5feceb66ffc86f38d952786c6d696c79c2dbc239dd4e91b46729d73a27fb57e9,04ef7137664c12795653aee0315ea0e5457b4c54d07c7ec0f8890a10db1c52c0,9b209a8df4da4b8d1324a72922683c465c740844eef3302799083ed553935116
ad57366865126e55649ecb23ae1d48887544976efea46a48eb5d85a6eeb4d306,c50b3a360a3555911ed60b9c0371fcae6a0f71f651cbe5b4397696a0a2cfa72b,4103f0a4e707b1c7bebbc42809ab0ace8dd3f56d844d7903bfe9f95a2ccc6972,86b129a5693ccf987e47dc3b0387a8f9369f732515fca4c17e1486c3f1a41854,,,,,,,,,,273.7588091868833,,,,,,4b68ab3847feda7d6c62c1fbcbeebfa35eab7351ed5e78f4ddadea5df64b8015,5feceb66ffc86f38d952786c6d696c79c2dbc239dd4e91b46729d73a27fb57e9,5bb1ff9e7fa416baef08ebc1491798b20ec08af3299260e2ce4c37e63d473589,9b209a8df4da4b8d1324a72922683c465c740844eef3302799083ed553935116
ad57366865126e55649ecb23ae1d48887544976efea46a48eb5d85a6eeb4d306,18ff20a9132d125f668d27728b2c318741558fd1b68084daba9d7a37789bf03b,63d942da157a1ee4e0cf3f5bbf3984243788e786641466444cf3f5c2c604d41d,86b129a5693ccf987e47dc3b0387a8f9369f732515fca4c17e1486c3f1a41854,,,,,,,,,,217.99981342163838,,,,,,4b68ab3847feda7d6c62c1fbcbeebfa35eab7351ed5e78f4ddadea5df64b8015,5feceb66ffc86f38d952786c6d696c79c2dbc239dd4e91b46729d73a27fb57e9,5c125aacb0a19df9a57f525138d32495dd80f21a6cb3eb2f19f8876c61a709f7,9b209a8df4da4b8d1324a72922683c465c740844eef3302799083ed553935116
ad57366865126e55649ecb23ae1d48887544976efea46a48eb5d85a6eeb4d306,aa0c2eed90182d1b753395aa0b587aae0a17b36aeb43c65b05649eb02006e38a,63d942da157a1ee4e0cf3f5bbf3984243788e786641466444cf3f5c2c604d41d,86b129a5693ccf987e47dc3b0387a8f9369f732515fca4c17e1486c3f1a41854,,,,,,,,,,431.4554465662061,,,,,,4b68ab3847feda7d6c62c1fbcbeebfa35eab7351ed5e78f4ddadea5df64b8015,5feceb66ffc86f38d952786c6d696c79c2dbc239dd4e91b46729d73a27fb57e9,f7b78e462e18be5cbf15fea7b9cb578922a41c6e45bd6a4420727caa06acc23e,9b209a8df4da4b8d1324a72922683c465c740844eef3302799083ed553935116
ad57366865126e55649ecb23ae1d48887544976efea46a48eb5d85a6eeb4d306,98a7b362fae191bf83094f10e0813357f5919fef8343b4582fc0d7a9709a3b67,4a12e183a11f0e64779e934fd6d928a9c9781d448419196e42c3b666d8e7d2fa,86b129a5693ccf987e47dc3b0387a8f9369f732515fca4c17e1486c3f1a41854,,,,,,,,,,88.20613793514387,,,,,,4b68ab3847feda7d6c62c1fbcbeebfa35eab7351ed5e78f4ddadea5df64b8015,5feceb66ffc86f38d952786c6d696c79c2dbc239dd4e91b46729d73a27fb57e9,19acc11317a1d0351a138502830fb6a5dc66b957aa8b039d1e925bf334c7046e,9b209a8df4da4b8d1324a72922683c465c740844eef3302799083ed553935116
ad57366865126e55649ecb23ae1d48887544976efea46a48eb5d85a6eeb4d306,a7a92274925cd94841c7d57863e9a6fbb11d87c3b9c94644425079d8dd887d25,a1271642c26ded1a08fc67a7791aa368ec32e76940cf6f15e779d091f31439fb,86b129a5693ccf987e47dc3b0387a8f9369f732515fca4c17e1486c3f1a41854,,,,,,,,,,418.68742455404094,,,,,,4b68ab3847feda7d6c62c1fbcbeebfa35eab7351ed5e78f4ddadea5df64b8015,5feceb66ffc86f38d952786c6d696c79c2dbc239dd4e91b46729d73a27fb57e9,c6386b8e0a9bcd057bb5514123187b78f57c421e99a458d702f30231e6c64931,9b209a8df4da4b8d1324a72922683c465c740844eef3302799083ed553935116
ad57366865126e55649ecb23ae1d48887544976efea46a48eb5d85a6eeb4d306,612e2ae84134fbed591a2fdf994fa792efb7f1183e72a6979cc76703c66e8d9e,a1271642c26ded1a08fc67a7791aa368ec32e76940cf6f15e779d091f31439fb,86b129a5693ccf987e47dc3b0387a8f9369f732515fca4c17e1486c3f1a41854,,,,,,,,,,261.26501397884533,,,,,,4b68ab3847feda7d6c62c1fbcbeebfa35eab7351ed5e78f4ddadea5df64b8015,5feceb66ffc86f38d952786c6d696c79c2dbc239dd4e91b46729d73a27fb57e9,f73d5712029db4d0a52a968884078b2cdfe20452f230046259f3ffb7af9be07a,9b209a8df4da4b8d1324a72922683c465c740844eef3302799083ed553935116
ad57366865126e55649ecb23ae1d48887544976efea46a48eb5d85a6eeb4d306,dbb1372c39a76e0082fc9a95e30db33e78be8d953ee67397088072ae8c200fc5,a1271642c26ded1a08fc67a7791aa368ec32e76940cf6f15e779d091f31439fb,86b129a5693ccf987e47dc3b0387a8f9369f732515fca4c17e1486c3f1a41854,,,,,,,,,,204.5721782119551,,,,,,4b68ab3847feda7d6c62c1fbcbeebfa35eab7351ed5e78f4ddadea5df64b8015,5feceb66ffc86f38d952786c6d696c79c2dbc239dd4e91b46729d73a27fb57e9,fa6809148211996ef7e9f469efef144ce4715751e3ce0c587abbd6d75c4f01a0,9b209a8df4da4b8d1324a72922683c465c740844eef3302799083ed553935116
ad57366865126e55649ecb23ae1d48887544976efea46a48eb5d85a6eeb4d306,e46cd199e36cfe121ea4f4b46e1a9ec03043bd300d703af8588b58a1f81d1ae7,63d942da157a1ee4e0cf3f5bbf3984243788e786641466444cf3f5c2c604d41d,86b129a5693ccf987e47dc3b0387a8f9369f732515fca4c17e1486c3f1a41854,,,,,,,,,,463.1427911787742,,,,,,4b68ab3847feda7d6c62c1fbcbeebfa35eab7351ed5e78f4ddadea5df64b8015,5feceb66ffc86f38d952786c6d696c79c2dbc239dd4e91b46729d73a27fb57e9,19fc771bfd385a4ea1129382e45a89c66344b78d708c12cb405ad3c60b5a1950,9b209a8df4da4b8d1324a72922683c465c740844eef3302799083ed553935116
ad57366865126e55649ecb23ae1d48887544976efea46a48eb5d85a6eeb4d306,7cf25791d58d88aec25aef6cd6948dff8495e029db629fa544f38e6958d37b50,40510175845988f13f6162ed8526f0b09f73384467fa855e1e79b44a56562a58,86b129a5693ccf987e47dc3b0387a8f9369f732515fca4c17e1486c3f1a41854,,,,,,,,,,238.65344582414988,,,,,,4b68ab3847feda7d6c62c1fbcbeebfa35eab7351ed5e78f4ddadea5df64b8015,5feceb66ffc86f38d952786c6d696c79c2dbc239dd4e91b46729d73a27fb57e9,13bf01678ecc8824ace4f36dc892c936981c43eb76e86ba41fda651891db0d6d,9b209a8df4da4b8d1324a72922683c465c740844eef3302799083ed553935116
ad57366865126e55649ecb23ae1d48887544976efea46a48eb5d85a6eeb4d306,88b272496147d84d555a87251b90ae879eb050398828c1b67aa49895b56c1b60,40510175845988f13f6162ed8526f0b09f73384467fa855e1e79b44a56562a58,86b129a5693ccf987e47dc3b0387a8f9369f732515fca4c17e1486c3f1a41854,,,,,,,,,,105.23773650588147,,,,,,4b68ab3847feda7d6c62c1fbcbeebfa35eab7351ed5e78f4ddadea5df64b8015,5feceb66ffc86f38d952786c6d696c79c2dbc239dd4e91b46729d73a27fb57e9,df4a54ac0b61ca62823892972784cb2ae5e2bbbab48c8bd2b1ea74fda510c938,9b209a8df4da4b8d1324a72922683c465c740844eef3302799083ed553935116
ad57366865126e55649ecb23ae1d48887544976efea46a48eb5d85a6eeb4d306,83c5f44c4cd4d8aced9f1ac35ee77293c5f7b90b75b85fe03c33b49c9c715584,40510175845988f13f6162ed8526f0b09f73384467fa855e1e79b44a56562a58,86b129a5693ccf987e47dc3b0387a8f9369f732515fca4c17e1486c3f1a41854,,,,,,,,,,210.1175121068537,,,,,,4b68ab3847feda7d6c62c1fbcbeebfa35eab7351ed5e78f4ddadea5df64b8015,5feceb66ffc86f38d952786c6d696c79c2dbc239dd4e91b46729d73a27fb57e9,0d0c870a01b518caa3b1540681deb10cbbaaf2003857639c62b5c1586014b4a2,9b209a8df4da4b8d1324a72922683c465c740844eef3302799083ed553935116
ad57366865126e55649ecb23ae1d48887544976efea46a48eb5d85a6eeb4d306,c279dce4b81382f7d11c4e6e44e83351b9fc103af567cbfae4c0607175029d44,202fd26f14d638ccb40975163ab0f05e1acf24c04a30708b3e0abfac44301a08,86b129a5693ccf987e47dc3b0387a8f9369f732515fca4c17e1486c3f1a41854,,,,,,,,,,411.03152201301305,,,,,,,5feceb66ffc86f38d952786c6d696c79c2dbc239dd4e91b46729d73a27fb57e9,32d44b667106bdc1191e0a9621e7ff1933ed58a3fdd95df138920ccda453257d,9b209a8df4da4b8d1324a72922683c465c740844eef3302799083ed553935116
ad57366865126e55649ecb23ae1d48887544976efea46a48eb5d85a6eeb4d306,231a926b3ff4463f67e7621062be8a87471ee1c0313865f5136131d3d47ab930,202fd26f14d638ccb40975163ab0f05e1acf24c04a30708b3e0abfac44301a08,86b129a5693ccf987e47dc3b0387a8f9369f732515fca4c17e1486c3f1a41854,,,,,,,,,,72.03128276504123,,,,,,,5feceb66ffc86f38d952786c6d696c79c2dbc239dd4e91b46729d73a27fb57e9,c461e9fe42f3319a2c868ece658b7747df5e5b335d7a03e8158fc4ef46774b77,9b209a8df4da4b8d1324a72922683c465c740844eef3302799083ed553935116
ad57366865126e55649ecb23ae1d48887544976efea46a48eb5d85a6eeb4d306,4d07defe9ff26361a0a8e6bed40dc3509f08390916d9506748228d5547657088,451b01cbb6bdda2450c47423173e5655a3760dd6b130d95005d3b14600f21173,86b129a5693ccf987e47dc3b0387a8f9369f732515fca4c17e1486c3f1a41854,,,,,,,,,,155.32256062356876,,,,,,4b68ab3847feda7d6c62c1fbcbeebfa35eab7351ed5e78f4ddadea5df64b8015,5feceb66ffc86f38d952786c6d696c79c2dbc239dd4e91b46729d73a27fb57e9,359dfd1357d3abedb9adb1e5015f0ac5196c1b02793e7ba384aa33fb149de423,9b209a8df4da4b8d1324a72922683c465c740844eef3302799083ed553935116
ad57366865126e55649ecb23ae1d48887544976efea46a48eb5d85a6eeb4d306,6421012d9aa435ebb031d438ecfd07b5e55736ecee2301ec4bbf421441f1619b,051c2e380d07844ffaca43743957f8c0efe2bdf74c6c1e6a9dcccb8d1a3c596b,86b129a5693ccf987e47dc3b0387a8f9369f732515fca4c17e1486c3f1a41854,,,,,,,,,,383.8458236151277,,,,,,4b68ab3847feda7d6c62c1fbcbeebfa35eab7351ed5e78f4ddadea5df64b8015,5feceb66ffc86f38d952786c6d696c79c2dbc239dd4e91b46729d73a27fb57e9,ccaee37774889f3900158e83802f81972c434282039ad1b83181fb9007134b46,9b209a8df4da4b8d1324a72922683c465c740844eef3302799083ed553935116
ad57366865126e55649ecb23ae1d48887544976efea46a48eb5d85a6eeb4d306,dda564742daf48d61651daeb6c6b8fde8ad9dd31db4e58747f2efd82c386f603,9e0bc0a9aa374eab9ae10383ab67c9fadb1e2aa69a1d54555a7dff0670678bda,b282813bab0c631d7786ad7fa41492014ada5348ad6089f2eeb863fb0a61de7b,,,,,,,,,,295.910551869418,,,,,,,5feceb66ffc86f38d952786c6d696c79c2dbc239dd4e91b46729d73a27fb57e9,90ac1cf78f37a01eccc2e182e9d05ad1b3f2d8be87c3a1741506af73a38d4861,9b209a8df4da4b8d1324a72922683c465c740844eef3302799083ed553935116
ad57366865126e55649ecb23ae1d48887544976efea46a48eb5d85a6eeb4d306,0955c5b3f55241a7d06dfdf4e7862d96a81ff3166ef14703cd2f97c7dbf31a3f,40510175845988f13f6162ed8526f0b09f73384467fa855e1e79b44a56562a58,b282813bab0c631d7786ad7fa41492014ada5348ad6089f2eeb863fb0a61de7b,,,,,,,,,,137.41379843695432,,,,,,4b68ab3847feda7d6c62c1fbcbeebfa35eab7351ed5e78f4ddadea5df64b8015,5feceb66ffc86f38d952786c6d696c79c2dbc239dd4e91b46729d73a27fb57e9,8fed178ec7105495b7e0199e74151ad27ad5e4c70a4d0eccbc45bcb43292af79,9b209a8df4da4b8d1324a72922683c465c740844eef3302799083ed553935116
ad57366865126e55649ecb23ae1d48887544976efea46a48eb5d85a6eeb4d306,64925642701a44560457ad22011d035c3819853b228a6b22a9808fc469ed7fb9,9e0bc0a9aa374eab9ae10383ab67c9fadb1e2aa69a1d54555a7dff0670678bda,b282813bab0c631d7786ad7fa41492014ada5348ad6089f2eeb863fb0a61de7b,,,,,,,,,,158.48882400734692,,,,,,4b68ab3847feda7d6c62c1fbcbeebfa35eab7351ed5e78f4ddadea5df64b8015,5feceb66ffc86f38d952786c6d696c79c2dbc239dd4e91b46729d73a27fb57e9,1c07e614e2344f35b0f3c3f514e035a1cf8b4635c482b0da865f38041e07cf3f,9b209a8df4da4b8d1324a72922683c465c740844eef3302799083ed553935116
ad57366865126e55649ecb23ae1d48887544976efea46a48eb5d85a6eeb4d306,b8f7ec3087ebe63052a25d3569c58c26715b483b6cc72cd5920ed56a0a5ed4b3,40510175845988f13f6162ed8526f0b09f73384467fa855e1e79b44a56562a58,b282813bab0c631d7786ad7fa41492014ada5348ad6089f2eeb863fb0a61de7b,,,,,,,,,,346.91067297606713,,,,,,,5feceb66ffc86f38d952786c6d696c79c2dbc239dd4e91b46729d73a27fb57e9,817ccd939bd7c00f2eaea8934e2aa41630149fae85cef96d23423b5d570ff737,9b209a8df4da4b8d1324a72922683c465c740844eef3302799083ed553935116
ad57366865126e55649ecb23ae1d48887544976efea46a48eb5d85a6eeb4d306,cd726e5e989532424dcc65b908e22141cb6715b7eff08edf4915dbc25f70435f,9e0bc0a9aa374eab9ae10383ab67c9fadb1e2aa69a1d54555a7dff0670678bda,86b129a5693ccf987e47dc3b0387a8f9369f732515fca4c17e1486c3f1a41854,,,,,,,,,,12.25479435886162,,,,,,4b68ab3847feda7d6c62c1fbcbeebfa35eab7351ed5e78f4ddadea5df64b8015,5feceb66ffc86f38d952786c6d696c79c2dbc239dd4e91b46729d73a27fb57e9,86d481d64abec14474790b7a12eec6e1154c4195f15322fa457def3d32abfc7b,9b209a8df4da4b8d1324a72922683c465c740844eef3302799083ed553935116
ad57366865126e55649ecb23ae1d48887544976efea46a48eb5d85a6eeb4d306,0a3ee9d14e08d29457a21cebe3c5f7eaef2c6279ba4998553a4cdf61907e3cf6,40510175845988f13f6162ed8526f0b09f73384467fa855e1e79b44a56562a58,b282813bab0c631d7786ad7fa41492014ada5348ad6089f2eeb863fb0a61de7b,,,,,,,,,,498.1846112717891,,,,,,4b68ab3847feda7d6c62c1fbcbeebfa35eab7351ed5e78f4ddadea5df64b8015,5feceb66ffc86f38d952786c6d696c79c2dbc239dd4e91b46729d73a27fb57e9,0d6231a5f5b326aaa63c91189ede9154083333157b3475f47e3e805ee659041c,9b209a8df4da4b8d1324a72922683c465c740844eef3302799083ed553935116
ad57366865126e55649ecb23ae1d48887544976efea46a48eb5d85a6eeb4d306,5ccde239f1033cf45cb85da810ef77f4b4aeb8e8e40160ea47c4851e06d04176,45297c633d331e6ac35169ebaaf75bc7fafd206ebb59ba4efd80566936e46eb0,86b129a5693ccf987e47dc3b0387a8f9369f732515fca4c17e1486c3f1a41854,,,,,,,,,,486.64492583060445,,,,,,,5feceb66ffc86f38d952786c6d696c79c2dbc239dd4e91b46729d73a27fb57e9,f354688e8e062a9451fcf64e4ac9bbd95f38aa5f63180cc6beb6c5bfb2cc3388,9b209a8df4da4b8d1324a72922683c465c740844eef3302799083ed553935116
ad57366865126e55649ecb23ae1d48887544976efea46a48eb5d85a6eeb4d306,2ae51b830ea8f460604c4356851b6a11d0037ddfc89e1364ceb9e0870c496f2a,45297c633d331e6ac35169ebaaf75bc7fafd206ebb59ba4efd80566936e46eb0,86b129a5693ccf987e47dc3b0387a8f9369f732515fca4c17e1486c3f1a41854,,,,,,,,,,388.619278368954,,,,,,,5feceb66ffc86f38d952786c6d696c79c2dbc239dd4e91b46729d73a27fb57e9,5c8126e0846918317812fb8d89e51bd299025e2f68beceaa0fcfe3829e06390f,9b209a8df4da4b8d1324a72922683c465c740844eef3302799083ed553935116
ad57366865126e55649ecb23ae1d48887544976efea46a48eb5d85a6eeb4d306,980508d2cab38ae98e6e078f84d283f1059fd98da63f4c52d86f8803c6bbb779,45297c633d331e6ac35169ebaaf75bc7fafd206ebb59ba4efd80566936e46eb0,86b129a5693ccf987e47dc3b0387a8f9369f732515fca4c17e1486c3f1a41854,,,,,,,,,,398.75940651046966,,,,,,4b68ab3847feda7d6c62c1fbcbeebfa35eab7351ed5e78f4ddadea5df64b8015,5feceb66ffc86f38d952786c6d696c79c2dbc239dd4e91b46729d73a27fb57e9,ea3897b0c8aa161d0d4a33373d40c848ab7d7d05c9c3dd2a48d098b27923d405,9b209a8df4da4b8d1324a72922683c465c740844eef3302799083ed553935116
ad57366865126e55649ecb23ae1d48887544976efea46a48eb5d85a6eeb4d306,fb668ce10c41a756435f1ecdd7702d2bee3cfc46ce2d8be148abe59129ffdb52,45297c633d331e6ac35169ebaaf75bc7fafd206ebb59ba4efd80566936e46eb0,86b129a5693ccf987e47dc3b0387a8f9369f732515fca4c17e1486c3f1a41854,,,,,,,,,,468.32819984149614,,,,,,,5feceb66ffc86f38d952786c6d696c79c2dbc239dd4e91b46729d73a27fb57e9,10d29c73c7091ceef0853868d147a89ddcbcb551ea5ece6a37c3494f4b755362,9b209a8df4da4b8d1324a72922683c465c740844eef3302799083ed553935116
ad57366865126e55649ecb23ae1d48887544976efea46a48eb5d85a6eeb4d306,2019acaf0a0218c109cb6d64adf3e965dd1adcb59287cc542b5984c42713f681,6253047d839a51684f2ab6e3a4fa9956f582c73dfbbb276ebcd51ee01697b024,86b129a5693ccf987e47dc3b0387a8f9369f732515fca4c17e1486c3f1a41854,,,,,,,,,,474.38009363805725,,,,,,4b68ab3847feda7d6c62c1fbcbeebfa35eab7351ed5e78f4ddadea5df64b8015,5feceb66ffc86f38d952786c6d696c79c2dbc239dd4e91b46729d73a27fb57e9,ba498f7f29e3a335421423927f6bedec65d01a03730e88e3d1009dd9866e1c8b,9b209a8df4da4b8d1324a72922683c465c740844eef3302799083ed553935116
ad57366865126e55649ecb23ae1d48887544976efea46a48eb5d85a6eeb4d306,c1b3bd1426ec98eb912e325d98b19c09d882e465689d5a066f9c8bf27ef7c84a,6253047d839a51684f2ab6e3a4fa9956f582c73dfbbb276ebcd51ee01697b024,86b129a5693ccf987e47dc3b0387a8f9369f732515fca4c17e1486c3f1a41854,,,,,,,,,,18.130633895786453,,,,,,4b68ab3847feda7d6c62c1fbcbeebfa35eab7351ed5e78f4ddadea5df64b8015,5feceb66ffc86f38d952786c6d696c79c2dbc239dd4e91b46729d73a27fb57e9,b8d25797c6bebfcae8c6e67731e7adc55436fe63f4adf2391dd338f1b37aa622,9b209a8df4da4b8d1324a72922683c465c740844eef3302799083ed553935116
ad57366865126e55649ecb23ae1d48887544976efea46a48eb5d85a6eeb4d306,604edb6abb13f37743fc6457e66514ad09820665926dd2f1b1b4ffed85f636a9,ecd8e4da8db957686847a87370033f9b64fa9348bfd71d830d1cbd4fbcb7dd8f,86b129a5693ccf987e47dc3b0387a8f9369f732515fca4c17e1486c3f1a41854,,,,,,,,,,362.9613536740936,,,,,,4b68ab3847feda7d6c62c1fbcbeebfa35eab7351ed5e78f4ddadea5df64b8015,5feceb66ffc86f38d952786c6d696c79c2dbc239dd4e91b46729d73a27fb57e9,cb541cfaf185c4f5a77cab8fa065dc6c6ff22571c1d09c46e910f27418c58714,9b209a8df4da4b8d1324a72922683c465c740844eef3302799083ed553935116
ad57366865126e55649ecb23ae1d48887544976efea46a48eb5d85a6eeb4d306,aa04fc5d13f95ef0443b0c6e527de3e18a1fc4a45fd5a26f0820095301798196,45297c633d331e6ac35169ebaaf75bc7fafd206ebb59ba4efd80566936e46eb0,86b129a5693ccf987e47dc3b0387a8f9369f732515fca4c17e1486c3f1a41854,,,,,,,,,,495.1419297339001,,,,,,4b68ab3847feda7d6c62c1fbcbeebfa35eab7351ed5e78f4ddadea5df64b8015,5feceb66ffc86f38d952786c6d696c79c2dbc239dd4e91b46729d73a27fb57e9,48d4829ff1070f1a62418a3eeb29a3b369ad3f800ae7c41ae279eb25c2a8bd40,9b209a8df4da4b8d1324a72922683c465c740844eef3302799083ed553935116
ad57366865126e55649ecb23ae1d48887544976efea46a48eb5d85a6eeb4d306,690989014400fe9184af6aeeb4b4682ce1e953ed9c543b351ff77643ec9def1c,45297c633d331e6ac35169ebaaf75bc7fafd206ebb59ba4efd80566936e46eb0,86b129a5693ccf987e47dc3b0387a8f9369f732515fca4c17e1486c3f1a41854,,,,,,,,,,362.11905148670104,,,,,,4b68ab3847feda7d6c62c1fbcbeebfa35eab7351ed5e78f4ddadea5df64b8015,5feceb66ffc86f38d952786c6d696c79c2dbc239dd4e91b46729d73a27fb57e9,bc103c9133714b7dcb631fd9596ff4126d6e4a7b71fb29a7d8fe06d5f6a2b3da,9b209a8df4da4b8d1324a72922683c465c740844eef3302799083ed553935116
ad57366865126e55649ecb23ae1d48887544976efea46a48eb5d85a6eeb4d306,af0da790ce87304ebbf7651a0a33a1dd2fe6e6aec15df6322a114b6be08a352d,45297c633d331e6ac35169ebaaf75bc7fafd206ebb59ba4efd80566936e46eb0,86b129a5693ccf987e47dc3b0387a8f9369f732515fca4c17e1486c3f1a41854,,,,,,,,,,376.6765651104681,,,,,,,5feceb66ffc86f38d952786c6d696c79c2dbc239dd4e91b46729d73a27fb57e9,fc4df0158228b7b9e947a762a68121083e836e2d3afdd930015e0311d282ac1c,9b209a8df4da4b8d1324a72922683c465c740844eef3302799083ed553935116
ad57366865126e55649ecb23ae1d48887544976efea46a48eb5d85a6eeb4d306,048f15928c96cafb3de8329c0669d4d821eba7c92b99172a73a28cd3dd3acba6,74a86f62d0acd138c70368e4021620b4ff48666865d98580e35c55c3d5e72f8d,86b129a5693ccf987e47dc3b0387a8f9369f732515fca4c17e1486c3f1a41854,,,,,,,,,,152.01261560685825,,,,,,,5feceb66ffc86f38d952786c6d696c79c2dbc239dd4e91b46729d73a27fb57e9,90776cfce8c8aa4e0c43c0bb62af15d8953e9f88d3c055186b515fe2ef289e36,9b209a8df4da4b8d1324a72922683c465c740844eef3302799083ed553935116
ad57366865126e55649ecb23ae1d48887544976efea46a48eb5d85a6eeb4d306,40a3cd184c53e83e0e6f393efcf3861d8e14f53d0087f597c249d0a0fd29b0cd,74a86f62d0acd138c70368e4021620b4ff48666865d98580e35c55c3d5e72f8d,86b129a5693ccf987e47dc3b0387a8f9369f732515fca4c17e1486c3f1a41854,,,,,,,,,,469.0035865597047,,,,,,,5feceb66ffc86f38d952786c6d696c79c2dbc239dd4e91b46729d73a27fb57e9,10e0442cae0fa84f251924e36ffbe4c23b6ab03318fb2b756255b836d676b7e9,9b209a8df4da4b8d1324a72922683c465c740844eef3302799083ed553935116
ad57366865126e55649ecb23ae1d48887544976efea46a48eb5d85a6eeb4d306,094eba1638fb8785306f5b5ec98ac08432fb2c306810984cbfbeb4b2feaaf732,74a86f62d0acd138c70368e4021620b4ff48666865d98580e35c55c3d5e72f8d,86b129a5693ccf987e47dc3b0387a8f9369f732515fca4c17e1486c3f1a41854,,,,,,,,,,497.1656524135671,,,,,,,5feceb66ffc86f38d952786c6d696c79c2dbc239dd4e91b46729d73a27fb57e9,bc54c9cdf3a7455244ce9deea6ca8b97609e60d59f8de07456c0c17d4d1b1824,9b209a8df4da4b8d1324a72922683c465c740844eef3302799083ed553935116
ad57366865126e55649ecb23ae1d48887544976efea46a48eb5d85a6eeb4d306,9daa3106b49a012b4591237cafcf999db6eb48e2ea67e307c68bb3fbf85aefc4,d0ab864a17dbd8a07dda05a58ac74d4894b7effa8e1c5152d71adf8b1fcc24d9,86b129a5693ccf987e47dc3b0387a8f9369f732515fca4c17e1486c3f1a41854,,,,,,,,,,388.65751307344635,,,,,,4b68ab3847feda7d6c62c1fbcbeebfa35eab7351ed5e78f4ddadea5df64b8015,5feceb66ffc86f38d952786c6d696c79c2dbc239dd4e91b46729d73a27fb57e9,d06cdad456bfd2bea2d0f3497b20aada4eaf509c4c03d4bbcf83a3dfff3ae7bc,9b209a8df4da4b8d1324a72922683c465c740844eef3302799083ed553935116
ad57366865126e55649ecb23ae1d48887544976efea46a48eb5d85a6eeb4d306,9eca07476b79ef347275aebd54a908515ae39a8b02dc3f344e87811ed5578edb,6ed255bcd55046343338a717f96b055b531cf7afd739e03c7f26f57ba3d51218,86b129a5693ccf987e47dc3b0387a8f9369f732515fca4c17e1486c3f1a41854,,,,,,,,,,229.22592534247792,,,,,,4b68ab3847feda7d6c62c1fbcbeebfa35eab7351ed5e78f4ddadea5df64b8015,5feceb66ffc86f38d952786c6d696c79c2dbc239dd4e91b46729d73a27fb57e9,ad76212257856c5f9ade07c367a16153b3b15551a50b0fd5648087e00f915712,9b209a8df4da4b8d1324a72922683c465c740844eef3302799083ed553935116
ad57366865126e55649ecb23ae1d48887544976efea46a48eb5d85a6eeb4d306,894539fad2b3d9426ec3b8d006201cd30d0eaf2e54ca33c532f553b75f365056,5765dac074bd446d1635f06198868434ca02fd4325786cf123543754d832de74,86b129a5693ccf987e47dc3b0387a8f9369f732515fca4c17e1486c3f1a41854,,,,,,,,,,281.87120091950334,,,,,,,5feceb66ffc86f38d952786c6d696c79c2dbc239dd4e91b46729d73a27fb57e9,ef4127f6624102e5c0419f26b3d18db7df10ae03fd0acb38f92a9038f813f838,9b209a8df4da4b8d1324a72922683c465c740844eef3302799083ed553935116
ad57366865126e55649ecb23ae1d48887544976efea46a48eb5d85a6eeb4d306,5716785a3a8572eda502a87c1f5a7232bc3f5bc63205212044fe97491a0eac9c,1fdc5156dff53e1ed8febfd0bfdfeedba271cde3e7bae67acd44e715a1badc78,86b129a5693ccf987e47dc3b0387a8f9369f732515fca4c17e1486c3f1a41854,,,,,,,,,,470.23530458140016,,,,,,,5feceb66ffc86f38d952786c6d696c79c2dbc239dd4e91b46729d73a27fb57e9,18fef439622656e9c3f1b17705795b1d1988650807d262e14b9a55b189f13797,9b209a8df4da4b8d1324a72922683c465c740844eef3302799083ed553935116
ad57366865126e55649ecb23ae1d48887544976efea46a48eb5d85a6eeb4d306,c67debdd1bf60686e5f911f5129606c86148bd465fc3ea4fd7e0236c5d910e72,40510175845988f13f6162ed8526f0b09f73384467fa855e1e79b44a56562a58,86b129a5693ccf987e47dc3b0387a8f9369f732515fca4c17e1486c3f1a41854,,,,,,,,,,19.89612103759425,,,,,,,5feceb66ffc86f38d952786c6d696c79c2dbc239dd4e91b46729d73a27fb57e9,c4e8f963ec411924a4f24a9fd188dc28110f765b4467a5dc0313d6944a956e5b,9b209a8df4da4b8d1324a72922683c465c740844eef3302799083ed553935116
ad57366865126e55649ecb23ae1d48887544976efea46a48eb5d85a6eeb4d306,712c9abded583feee22719223e0eedf6e37d7fdc6e68454fcd619ca1d4a1a796,74bbcf773c82f8b9b1a44138238d135520fe7a0fb898af5c18292a6fe9d23eb8,86b129a5693ccf987e47dc3b0387a8f9369f732515fca4c17e1486c3f1a41854,,,,,,,,,,321.78657850294826,,,,,,,5feceb66ffc86f38d952786c6d696c79c2dbc239dd4e91b46729d73a27fb57e9,0f710511ca88bdc8721d8cb3c608b608e29f3c7776bcb3e5a1e114fe2fd1f947,9b209a8df4da4b8d1324a72922683c465c740844eef3302799083ed553935116
ad57366865126e55649ecb23ae1d48887544976efea46a48eb5d85a6eeb4d306,4a31454c210658a3d915fd0704066eec3d833d9d28e03dcb5ec380e440f4073c,63d942da157a1ee4e0cf3f5bbf3984243788e786641466444cf3f5c2c604d41d,86b129a5693ccf987e47dc3b0387a8f9369f732515fca4c17e1486c3f1a41854,,,,,,,,,,123.631831164631,,,,,,4b68ab3847feda7d6c62c1fbcbeebfa35eab7351ed5e78f4ddadea5df64b8015,5feceb66ffc86f38d952786c6d696c79c2dbc239dd4e91b46729d73a27fb57e9,b47227a6d8c85ada7e6c8dbb41baafef6b21301c17f79eaddf12c4699aa6ed65,9b209a8df4da4b8d1324a72922683c465c740844eef3302799083ed553935116
ad57366865126e55649ecb23ae1d48887544976efea46a48eb5d85a6eeb4d306,ef26a3a77496b304c78ac8c8dbc1aef5c5b0498e232610032e937ba23cb809fb,3d3f6ca967cfcb89fb92cf4538368d3a24186ce44fefb8934d3b4f430fa6902f,86b129a5693ccf987e47dc3b0387a8f9369f732515fca4c17e1486c3f1a41854,,,,,,,,,,80.16195398378578,,,,,,4b68ab3847feda7d6c62c1fbcbeebfa35eab7351ed5e78f4ddadea5df64b8015,5feceb66ffc86f38d952786c6d696c79c2dbc239dd4e91b46729d73a27fb57e9,92d07bb6d99815496281eac667536e18878f0919aeda594b78b08be35e9da361,9b209a8df4da4b8d1324a72922683c465c740844eef3302799083ed553935116
ad57366865126e55649ecb23ae1d48887544976efea46a48eb5d85a6eeb4d306,2a8313f2975f6bdbf1424d20ec1e90bb19b62ba8b4466b2f7a7e1940a182dc42,6606753e5a126d7068012a526d44c3eb2f7fcd09d5faeb30c77dbfd87ca7e758,86b129a5693ccf987e47dc3b0387a8f9369f732515fca4c17e1486c3f1a41854,,,,,,,,,,217.39494621877293,,,,,,4b68ab3847feda7d6c62c1fbcbeebfa35eab7351ed5e78f4ddadea5df64b8015,5feceb66ffc86f38d952786c6d696c79c2dbc239dd4e91b46729d73a27fb57e9,19416c1446f58d5b6dddf8b2400a99412b0e4c59f99be6603cc62a742c0214ca,9b209a8df4da4b8d1324a72922683c465c740844eef3302799083ed553935116
ad57366865126e55649ecb23ae1d48887544976efea46a48eb5d85a6eeb4d306,856e91e827866847cea06e0ca4c55db9de105c8445bb11bdc67266d0482d6afb,6606753e5a126d7068012a526d44c3eb2f7fcd09d5faeb30c77dbfd87ca7e758,86b129a5693ccf987e47dc3b0387a8f9369f732515fca4c17e1486c3f1a41854,,,,,,,,,,120.68800640924027,,,,,,4b68ab3847feda7d6c62c1fbcbeebfa35eab7351ed5e78f4ddadea5df64b8015,5feceb66ffc86f38d952786c6d696c79c2dbc239dd4e91b46729d73a27fb57e9,9a5e209872bfa3f316841926d57e3d8065831f1f7efeb88e1afc8d624ac8636c,9b209a8df4da4b8d1324a72922683c465c740844eef3302799083ed553935116
ad57366865126e55649ecb23ae1d48887544976efea46a48eb5d85a6eeb4d306,06c59ddcc7c1f63b3259496dfaa9ce8ea43aaf3927907fa2a5536244d92c7161,9e0bc0a9aa374eab9ae10383ab67c9fadb1e2aa69a1d54555a7dff0670678bda,b282813bab0c631d7786ad7fa41492014ada5348ad6089f2eeb863fb0a61de7b,,,,,,,,,,409.7996504356517,,,,,,,5feceb66ffc86f38d952786c6d696c79c2dbc239dd4e91b46729d73a27fb57e9,e8432a3a46bf76cca75efac10fea48b5cef789e1e708fc63810cccc345eec92a,9b209a8df4da4b8d1324a72922683c465c740844eef3302799083ed553935116
ad57366865126e55649ecb23ae1d48887544976efea46a48eb5d85a6eeb4d306,b234bc70fef9ad24c64549bfb7f7f605982aef86d63bc745ac2c722858a4b5a2,45297c633d331e6ac35169ebaaf75bc7fafd206ebb59ba4efd80566936e46eb0,86b129a5693ccf987e47dc3b0387a8f9369f732515fca4c17e1486c3f1a41854,,,,,,,,,,149.30687903314643,,,,,,,5feceb66ffc86f38d952786c6d696c79c2dbc239dd4e91b46729d73a27fb57e9,5848323907c42ba867ece6d81331d597fb87a9735d74fb090ed033e92333edb0,9b209a8df4da4b8d1324a72922683c465c740844eef3302799083ed553935116
ad57366865126e55649ecb23ae1d48887544976efea46a48eb5d85a6eeb4d306,bd5605af4f7a608ecf229a14992a833591411f6773bc0c217c241f02ee66d6fd,45297c633d331e6ac35169ebaaf75bc7fafd206ebb59ba4efd80566936e46eb0,86b129a5693ccf987e47dc3b0387a8f9369f732515fca4c17e1486c3f1a41854,,,,,,,,,,301.8873091862685,,,,,,,5feceb66ffc86f38d952786c6d696c79c2dbc239dd4e91b46729d73a27fb57e9,7bbfa7254d24f1db731d287108982653136aec8c74431178a949d4580fba4227,9b209a8df4da4b8d1324a72922683c465c740844eef3302799083ed553935116
ad57366865126e55649ecb23ae1d48887544976efea46a48eb5d85a6eeb4d306,d97b4a625f36e84f0c79bdb37290ad0fc7052b006a7f94af44a76012050cb56a,45297c633d331e6ac35169ebaaf75bc7fafd206ebb59ba4efd80566936e46eb0,86b129a5693ccf987e47dc3b0387a8f9369f732515fca4c17e1486c3f1a41854,,,,,,,,,,297.3012729682999,,,,,,4b68ab3847feda7d6c62c1fbcbeebfa35eab7351ed5e78f4ddadea5df64b8015,5feceb66ffc86f38d952786c6d696c79c2dbc239dd4e91b46729d73a27fb57e9,5ae0f22a93840b471c95e2ad8a9df812b8c06bfe492f1b124e1cdba87ace4572,9b209a8df4da4b8d1324a72922683c465c740844eef3302799083ed553935116
ad57366865126e55649ecb23ae1d48887544976efea46a48eb5d85a6eeb4d306,45b5ded8446c62779b5c1e02a4e3ca221d760b57d3e8d125d003a997a9b7a302,45297c633d331e6ac35169ebaaf75bc7fafd206ebb59ba4efd80566936e46eb0,86b129a5693ccf987e47dc3b0387a8f9369f732515fca4c17e1486c3f1a41854,,,,,,,,,,291.0953774102552,,,,,,,5feceb66ffc86f38d952786c6d696c79c2dbc239dd4e91b46729d73a27fb57e9,a7c978d8dfb1b5ce8dec8aea2c7ff7098577c9faa354ba886296d43011e19288,9b209a8df4da4b8d1324a72922683c465c740844eef3302799083ed553935116
ad57366865126e55649ecb23ae1d48887544976efea46a48eb5d85a6eeb4d306,ba01b214bdf93a003229debdbbded64d837e6e997ebd1b53aea6fef40d7dd91d,45297c633d331e6ac35169ebaaf75bc7fafd206ebb59ba4efd80566936e46eb0,86b129a5693ccf987e47dc3b0387a8f9369f732515fca4c17e1486c3f1a41854,,,,,,,,,,485.72401938600973,,,,,,4b68ab3847feda7d6c62c1fbcbeebfa35eab7351ed5e78f4ddadea5df64b8015,5feceb66ffc86f38d952786c6d696c79c2dbc239dd4e91b46729d73a27fb57e9,2c690088c5482a0f5672f89c862c61ddadc2e1ccd52eb87a9d38e20806a2de7b,9b209a8df4da4b8d1324a72922683c465c740844eef3302799083ed553935116
ad57366865126e55649ecb23ae1d48887544976efea46a48eb5d85a6eeb4d306,e4441e009231d4d476cd8a15cac930212bde74128d02fc1990543461cf6abe8c,431688497f68c837444127cbac14cadba2a943709304af1da765781f49e02ac8,86b129a5693ccf987e47dc3b0387a8f9369f732515fca4c17e1486c3f1a41854,,,,,,,,,,262.53725896450464,,,,,,4b68ab3847feda7d6c62c1fbcbeebfa35eab7351ed5e78f4ddadea5df64b8015,5feceb66ffc86f38d952786c6d696c79c2dbc239dd4e91b46729d73a27fb57e9,d6df8f5dfce66db89be1bd0faceb05a9c035eeee2479b4633fe505363e0be5f8,9b209a8df4da4b8d1324a72922683c465c740844eef3302799083ed553935116
ad57366865126e55649ecb23ae1d48887544976efea46a48eb5d85a6eeb4d306,01a9c6b83933366a8323671081645e71e21c6dca298fba74dbfd3f688d0d1f6f,431688497f68c837444127cbac14cadba2a943709304af1da765781f49e02ac8,86b129a5693ccf987e47dc3b0387a8f9369f732515fca4c17e1486c3f1a41854,,,,,,,,,,74.06972846990656,,,,,,4b68ab3847feda7d6c62c1fbcbeebfa35eab7351ed5e78f4ddadea5df64b8015,5feceb66ffc86f38d952786c6d696c79c2dbc239dd4e91b46729d73a27fb57e9,4414c9f367996a904c68d16964521cf2acd56407ce992a7f2d177bcc738d8e12,9b209a8df4da4b8d1324a72922683c465c740844eef3302799083ed553935116
ad57366865126e55649ecb23ae1d48887544976efea46a48eb5d85a6eeb4d306,18eb244d59ddc617c42af6ddd5afa9bffe0b949038fdcdd1fc3c039910472a22,431688497f68c837444127cbac14cadba2a943709304af1da765781f49e02ac8,86b129a5693ccf987e47dc3b0387a8f9369f732515fca4c17e1486c3f1a41854,,,,,,,,,,194.54267106821266,,,,,,4b68ab3847feda7d6c62c1fbcbeebfa35eab7351ed5e78f4ddadea5df64b8015,5feceb66ffc86f38d952786c6d696c79c2dbc239dd4e91b46729d73a27fb57e9,da8f803e0e442c500553ec64318179710a0ac83f1c801f609de24543acd47cce,9b209a8df4da4b8d1324a72922683c465c740844eef3302799083ed553935116
ad57366865126e55649ecb23ae1d48887544976efea46a48eb5d85a6eeb4d306,291ab4aa459081b0fc049b24b0f3b531495046e9b04a62746bfda857f254c7d4,431688497f68c837444127cbac14cadba2a943709304af1da765781f49e02ac8,86b129a5693ccf987e47dc3b0387a8f9369f732515fca4c17e1486c3f1a41854,,,,,,,,,,309.1905509847918,,,,,,4b68ab3847feda7d6c62c1fbcbeebfa35eab7351ed5e78f4ddadea5df64b8015,5feceb66ffc86f38d952786c6d696c79c2dbc239dd4e91b46729d73a27fb57e9,f3f1ed945c075d6e7ac942d1c4b4794152fc411862e6221682aff7ace6f80721,9b209a8df4da4b8d1324a72922683c465c740844eef3302799083ed553935116
ad57366865126e55649ecb23ae1d48887544976efea46a48eb5d85a6eeb4d306,a22ddcb044f9852deccf0b6621853fa88cc9c75832b1edd79c08419db45d410a,ad1f3889d0032e7c2791053060e4c044837353325fbd42cdeeef65638ed31c2a,86b129a5693ccf987e47dc3b0387a8f9369f732515fca4c17e1486c3f1a41854,,,,,,,,,,112.11903474120233,,,,,,4b68ab3847feda7d6c62c1fbcbeebfa35eab7351ed5e78f4ddadea5df64b8015,5feceb66ffc86f38d952786c6d696c79c2dbc239dd4e91b46729d73a27fb57e9,33c2a19585d0629a9f741403ea93d402a0f676596759d861ad843a702bbfd222,9b209a8df4da4b8d1324a72922683c465c740844eef3302799083ed553935116
ad57366865126e55649ecb23ae1d48887544976efea46a48eb5d85a6eeb4d306,f9b5f7ae8357fd88b70eaec8f57e2e610e5488f661adda4a3e0bab35a600f7bd,ad1f3889d0032e7c2791053060e4c044837353325fbd42cdeeef65638ed31c2a,86b129a5693ccf987e47dc3b0387a8f9369f732515fca4c17e1486c3f1a41854,,,,,,,,,,271.60818363869083,,,,,,4b68ab3847feda7d6c62c1fbcbeebfa35eab7351ed5e78f4ddadea5df64b8015,5feceb66ffc86f38d952786c6d696c79c2dbc239dd4e91b46729d73a27fb57e9,23502677add94280ebd4a2ebde0aa8145b53e7e7c36739d6189a3da26bce9499,9b209a8df4da4b8d1324a72922683c465c740844eef3302799083ed553935116
ad57366865126e55649ecb23ae1d48887544976efea46a48eb5d85a6eeb4d306,f271b4ed67f95cb0e64fa85ac73482d11fe841e3454d1382ce0af1bff39d9848,ad1f3889d0032e7c2791053060e4c044837353325fbd42cdeeef65638ed31c2a,86b129a5693ccf987e47dc3b0387a8f9369f732515fca4c17e1486c3f1a41854,,,,,,,,,,189.82680042344452,,,,,,4b68ab3847feda7d6c62c1fbcbeebfa35eab7351ed5e78f4ddadea5df64b8015,5feceb66ffc86f38d952786c6d696c79c2dbc239dd4e91b46729d73a27fb57e9,923a74e0f888ef9cea59c3301dbe0c45d7b2bf610eab0854359d8d5cf3251edb,9b209a8df4da4b8d1324a72922683c465c740844eef3302799083ed553935116
ad57366865126e55649ecb23ae1d48887544976efea46a48eb5d85a6eeb4d306,8bedf33ebb8eab4f18d4953de3b40fb8fddd852e7ec840ac90e64b057dcd7713,ad1f3889d0032e7c2791053060e4c044837353325fbd42cdeeef65638ed31c2a,86b129a5693ccf987e47dc3b0387a8f9369f732515fca4c17e1486c3f1a41854,,,,,,,,,,455.40373969395597,,,,,,4b68ab3847feda7d6c62c1fbcbeebfa35eab7351ed5e78f4ddadea5df64b8015,5feceb66ffc86f38d952786c6d696c79c2dbc239dd4e91b46729d73a27fb57e9,66b7e4340a0377b0f342a578aee3a4da30fc82403acf78f352861562cdfa3c24,9b209a8df4da4b8d1324a72922683c465c740844eef3302799083ed553935116
ad57366865126e55649ecb23ae1d48887544976efea46a48eb5d85a6eeb4d306,364ff2a7c3a19723d81f9c4730204a811a12360b7d8c89558edc3b6870a3353d,ad1f3889d0032e7c2791053060e4c044837353325fbd42cdeeef65638ed31c2a,86b129a5693ccf987e47dc3b0387a8f9369f732515fca4c17e1486c3f1a41854,,,,,,,,,,446.3239895086876,,,,,,4b68ab3847feda7d6c62c1fbcbeebfa35eab7351ed5e78f4ddadea5df64b8015,5feceb66ffc86f38d952786c6d696c79c2dbc239dd4e91b46729d73a27fb57e9,135724f4068d8e8383b05fb2076fc7147cffeb04914701cda36de95b7e0446da,9b209a8df4da4b8d1324a72922683c465c740844eef3302799083ed553935116
ad57366865126e55649ecb23ae1d48887544976efea46a48eb5d85a6eeb4d306,0fdfe7858aa3bd7e1cd239c79505bf2722a65e25f07f4e96bdf936829c3f7fa7,ad1f3889d0032e7c2791053060e4c044837353325fbd42cdeeef65638ed31c2a,86b129a5693ccf987e47dc3b0387a8f9369f732515fca4c17e1486c3f1a41854,,,,,,,,,,63.60357810949752,,,,,,4b68ab3847feda7d6c62c1fbcbeebfa35eab7351ed5e78f4ddadea5df64b8015,5feceb66ffc86f38d952786c6d696c79c2dbc239dd4e91b46729d73a27fb57e9,3f5528c7013116791f8b5ac564b91cda5591f649dede01a416dbfda644f68cb9,9b209a8df4da4b8d1324a72922683c465c740844eef3302799083ed553935116
ad57366865126e55649ecb23ae1d48887544976efea46a48eb5d85a6eeb4d306,315ba43a0ea20486d279d33df4f8368f02cd0137a12af4231f0226d9bbb63bac,ad1f3889d0032e7c2791053060e4c044837353325fbd42cdeeef65638ed31c2a,86b129a5693ccf987e47dc3b0387a8f9369f732515fca4c17e1486c3f1a41854,,,,,,,,,,32.586291247525324,,,,,,4b68ab3847feda7d6c62c1fbcbeebfa35eab7351ed5e78f4ddadea5df64b8015,5feceb66ffc86f38d952786c6d696c79c2dbc239dd4e91b46729d73a27fb57e9,511ff1e6302cbf594bcbc20348739c5113560919d3df3edc4d13153ec715f40f,9b209a8df4da4b8d1324a72922683c465c740844eef3302799083ed553935116
ad57366865126e55649ecb23ae1d48887544976efea46a48eb5d85a6eeb4d306,8b1015ceb27451a929a8463580c8e0e3b51788907ea5c38bed077d60e53b687d,ad1f3889d0032e7c2791053060e4c044837353325fbd42cdeeef65638ed31c2a,86b129a5693ccf987e47dc3b0387a8f9369f732515fca4c17e1486c3f1a41854,,,,,,,,,,378.2527842550465,,,,,,4b68ab3847feda7d6c62c1fbcbeebfa35eab7351ed5e78f4ddadea5df64b8015,5feceb66ffc86f38d952786c6d696c79c2dbc239dd4e91b46729d73a27fb57e9,b7516cbd104040e4888bbdef308c5a3b590c9a3c7d7f5c20b68660d1a95f684e,9b209a8df4da4b8d1324a72922683c465c740844eef3302799083ed553935116
ad57366865126e55649ecb23ae1d48887544976efea46a48eb5d85a6eeb4d306,a769d272e06a6c8eb7a50bf2bf733a8db8df4551d00445bec9011e4e0b5a14a0,ad1f3889d0032e7c2791053060e4c044837353325fbd42cdeeef65638ed31c2a,86b129a5693ccf987e47dc3b0387a8f9369f732515fca4c17e1486c3f1a41854,,,,,,,,,,204.09065776576463,,,,,,4b68ab3847feda7d6c62c1fbcbeebfa35eab7351ed5e78f4ddadea5df64b8015,5feceb66ffc86f38d952786c6d696c79c2dbc239dd4e91b46729d73a27fb57e9,6429d2bb362be488e88c4a8e7ed759b776a943f8b516a300b993e5defd53fab6,9b209a8df4da4b8d1324a72922683c465c740844eef3302799083ed553935116
ad57366865126e55649ecb23ae1d48887544976efea46a48eb5d85a6eeb4d306,85ad613641088ef14c81c431ba715b165b30208792640e2f0d074a6fcef1c097,1a09807a0e6928a66d91025ed5fccd713c9edb101e72a1bbcb8a01cd9a53cb51,86b129a5693ccf987e47dc3b0387a8f9369f732515fca4c17e1486c3f1a41854,,,,,,,,,,311.6264701137702,,,,,,4b68ab3847feda7d6c62c1fbcbeebfa35eab7351ed5e78f4ddadea5df64b8015,5feceb66ffc86f38d952786c6d696c79c2dbc239dd4e91b46729d73a27fb57e9,709f4b2aab074746b72ec67b05041ab3017d016a075980121a16f198ae9917ee,9b209a8df4da4b8d1324a72922683c465c740844eef3302799083ed553935116
ad57366865126e55649ecb23ae1d48887544976efea46a48eb5d85a6eeb4d306,1498dba8e87c5bf3ce983ea41b29ea414f6187e010b60dc52cde03b1b0402071,934aa7be7deafc0053e92ce49a029603af8bc0b3891322a10b7ab730dfaa5d63,,,,,,,,,,,107.08685576866944,,,,,,4b68ab3847feda7d6c62c1fbcbeebfa35eab7351ed5e78f4ddadea5df64b8015,5feceb66ffc86f38d952786c6d696c79c2dbc239dd4e91b46729d73a27fb57e9,9449248bffba3dfaee27af172e8d797f8b8a4f4f0d6052d4598493868b47169b,9b209a8df4da4b8d1324a72922683c465c740844eef3302799083ed553935116
ad57366865126e55649ecb23ae1d48887544976efea46a48eb5d85a6eeb4d306,d224abab6ebe3409d53027aa0f341be71af02954204474f314839105deeed771,d8d0dedb4bda4204d0b5e1de5a990a00757aa2d80a64bd97699cad3b3d6fbf5f,86b129a5693ccf987e47dc3b0387a8f9369f732515fca4c17e1486c3f1a41854,,,,,,,,,,426.3624028882294,,,,,,4b68ab3847feda7d6c62c1fbcbeebfa35eab7351ed5e78f4ddadea5df64b8015,5feceb66ffc86f38d952786c6d696c79c2dbc239dd4e91b46729d73a27fb57e9,ca58f31ada7c63f4e5f850c4df5504ae5e4468ff0efefa2382d28103ce757205,9b209a8df4da4b8d1324a72922683c465c740844eef3302799083ed553935116
ad57366865126e55649ecb23ae1d48887544976efea46a48eb5d85a6eeb4d306,6333521e4595bb1a2f6446c7ab48bd0a3c15d98008f4b1a81f6fa07d93ba1625,cdbe4e7e26e3a55307dac9da65edc0d33fa6b54f79a83373cb997770856c23bd,86b129a5693ccf987e47dc3b0387a8f9369f732515fca4c17e1486c3f1a41854,,,,,,,,,,430.38151847433926,,,,,,4b68ab3847feda7d6c62c1fbcbeebfa35eab7351ed5e78f4ddadea5df64b8015,5feceb66ffc86f38d952786c6d696c79c2dbc239dd4e91b46729d73a27fb57e9,5c5765e34adf600da7bb9509f3a5cb686eb66a863999ca2dddb6fc45807bd9fc,9b209a8df4da4b8d1324a72922683c465c740844eef3302799083ed553935116
ad57366865126e55649ecb23ae1d48887544976efea46a48eb5d85a6eeb4d306,464edd9c09a1c3d988999ddd234bf9233d51a1601827b2dd79d25ed34efd5c92,77523aa0395b6ee089984c28fd543755244df3ba6adba24be6b5b20f4fe5c6b3,86b129a5693ccf987e47dc3b0387a8f9369f732515fca4c17e1486c3f1a41854,,,,,,,,,,368.0689025226085,,,,,,4b68ab3847feda7d6c62c1fbcbeebfa35eab7351ed5e78f4ddadea5df64b8015,5feceb66ffc86f38d952786c6d696c79c2dbc239dd4e91b46729d73a27fb57e9,bcb87a150611ff4dbedcd8315f4c0d8f88c2a1ad0aac2198e32014e6bbd400c8,9b209a8df4da4b8d1324a72922683c465c740844eef3302799083ed553935116
ad57366865126e55649ecb23ae1d48887544976efea46a48eb5d85a6eeb4d306,89e04a0af334f7144f68714b0d0556434cc2694ca38a0be78351f2349ae0824d,5325302e6a26d6e63f0988d276af9e618e78b9997c4893665618fce15af0fff3,86b129a5693ccf987e47dc3b0387a8f9369f732515fca4c17e1486c3f1a41854,,,,,,,,,,107.48079515222713,,,,,,4b68ab3847feda7d6c62c1fbcbeebfa35eab7351ed5e78f4ddadea5df64b8015,5feceb66ffc86f38d952786c6d696c79c2dbc239dd4e91b46729d73a27fb57e9,48e030e758f38389bf55327ea5fbfc07478b89ec394ee90440dd20c65b7f3467,9b209a8df4da4b8d1324a72922683c465c740844eef3302799083ed553935116
ad57366865126e55649ecb23ae1d48887544976efea46a48eb5d85a6eeb4d306,aa5750f8759e6983259141ca97e4773ba0f47606f1a5875c87caa5b977b837c5,aa4b0d224e2b4488c6e3c5692347a0e26322d86dcb6bf01ab937e15d76037ee4,86b129a5693ccf987e47dc3b0387a8f9369f732515fca4c17e1486c3f1a41854,,,,,,,,,,202.8740569126644,,,,,,4b68ab3847feda7d6c62c1fbcbeebfa35eab7351ed5e78f4ddadea5df64b8015,5feceb66ffc86f38d952786c6d696c79c2dbc239dd4e91b46729d73a27fb57e9,e406fe925d935c2dffc53203d25d00fa5eee2798d422404faffcbef806876679,9b209a8df4da4b8d1324a72922683c465c740844eef3302799083ed553935116
ad57366865126e55649ecb23ae1d48887544976efea46a48eb5d85a6eeb4d306,6a7ae281b9e76acfdab756b4786148319115b7c96e3b6a50db600784c20023fe,f8646a257c0c4273b72c83c5d563ba1acda190626677d3cb89dc748e00182315,86b129a5693ccf987e47dc3b0387a8f9369f732515fca4c17e1486c3f1a41854,,,,,,,,,,184.18768338958364,,,,,,4b68ab3847feda7d6c62c1fbcbeebfa35eab7351ed5e78f4ddadea5df64b8015,5feceb66ffc86f38d952786c6d696c79c2dbc239dd4e91b46729d73a27fb57e9,a8d9e5108da8a8eb2fb152477095d96c608b0814a9f36a33259979660739321c,9b209a8df4da4b8d1324a72922683c465c740844eef3302799083ed553935116
ad57366865126e55649ecb23ae1d48887544976efea46a48eb5d85a6eeb4d306,3271d9c51bc7b088bdcf2487a136534404d61f016be7929c91fa09f79a1f312d,b53a7292b38e011dbe6efc79c22d028ddd364da2e6b9aa182915572742330ea9,86b129a5693ccf987e47dc3b0387a8f9369f732515fca4c17e1486c3f1a41854,,,,,,,,,,308.94485752501623,,,,,,4b68ab3847feda7d6c62c1fbcbeebfa35eab7351ed5e78f4ddadea5df64b8015,5feceb66ffc86f38d952786c6d696c79c2dbc239dd4e91b46729d73a27fb57e9,bde7170bbf4915abcb9911eafabb146284ce5d31745224955d4fb770925fd80d,9b209a8df4da4b8d1324a72922683c465c740844eef3302799083ed553935116
ad57366865126e55649ecb23ae1d48887544976efea46a48eb5d85a6eeb4d306,89cb7db642ae68577f88603888a222e7283508a50f7be1075830f37bac573b45,5cd5e6e836cd713686bd2ccc7a5626db84a4c23f91d00d02eaed726d9f5b7220,86b129a5693ccf987e47dc3b0387a8f9369f732515fca4c17e1486c3f1a41854,,,,,,,,,,272.1595782952216,,,,,,,5feceb66ffc86f38d952786c6d696c79c2dbc239dd4e91b46729d73a27fb57e9,91a51a0232bf245ce20fb2529aca7920260487bbe3d7629ddcfd178b1cb2f75a,9b209a8df4da4b8d1324a72922683c465c740844eef3302799083ed553935116
ad57366865126e55649ecb23ae1d48887544976efea46a48eb5d85a6eeb4d306,d0e1cc9275fef10b2d761c4984a3981260d530432d035b8755246840cc995747,5cd5e6e836cd713686bd2ccc7a5626db84a4c23f91d00d02eaed726d9f5b7220,86b129a5693ccf987e47dc3b0387a8f9369f732515fca4c17e1486c3f1a41854,,,,,,,,,,377.5845772365353,,,,,,,5feceb66ffc86f38d952786c6d696c79c2dbc239dd4e91b46729d73a27fb57e9,faf4f416b0405fb4c33c86520b81eccc292845cb6cd88a72f349f4c4d4e350f2,9b209a8df4da4b8d1324a72922683c465c740844eef3302799083ed553935116
ad57366865126e55649ecb23ae1d48887544976efea46a48eb5d85a6eeb4d306,1c745fae3fcd85f0611e967836f201e5adfc3f1859aa5f2209b6f75cb09223e4,70fa656aa0391eb9ef7bbc9c7e6771ec09e7d5d7ab1fcbbde2480d21263ee79a,86b129a5693ccf987e47dc3b0387a8f9369f732515fca4c17e1486c3f1a41854,,,,,,,,,,487.9510704515837,,,,,,4b68ab3847feda7d6c62c1fbcbeebfa35eab7351ed5e78f4ddadea5df64b8015,5feceb66ffc86f38d952786c6d696c79c2dbc239dd4e91b46729d73a27fb57e9,c936a82413a926bc5ff01e004a2ae75c6595a29b12462234c56af277bd827fc8,9b209a8df4da4b8d1324a72922683c465c740844eef3302799083ed553935116
ad57366865126e55649ecb23ae1d48887544976efea46a48eb5d85a6eeb4d306,45b52f62ca95675113eba2f86b555128f068d15c986aaf4f93b7a8940e470f95,70fa656aa0391eb9ef7bbc9c7e6771ec09e7d5d7ab1fcbbde2480d21263ee79a,86b129a5693ccf987e47dc3b0387a8f9369f732515fca4c17e1486c3f1a41854,,,,,,,,,,90.54081918543827,,,,,,4b68ab3847feda7d6c62c1fbcbeebfa35eab7351ed5e78f4ddadea5df64b8015,5feceb66ffc86f38d952786c6d696c79c2dbc239dd4e91b46729d73a27fb57e9,7eaac5bd5a620ada03c4ac3898fb4a00aed3480d73c72e2adf5fb3abae3cb8eb,9b209a8df4da4b8d1324a72922683c465c740844eef3302799083ed553935116
ad57366865126e55649ecb23ae1d48887544976efea46a48eb5d85a6eeb4d306,55884750c4a8f29a9ee3ed3823b2e64f3320f13c3a04ec45e1b2ef79518d8ebe,bd14620394b6083fbf735bbfc55773765de1d750ec053f281fe77d7764d7b36b,86b129a5693ccf987e47dc3b0387a8f9369f732515fca4c17e1486c3f1a41854,,,,,,,,,,202.0531103618788,,,,,,4b68ab3847feda7d6c62c1fbcbeebfa35eab7351ed5e78f4ddadea5df64b8015,5feceb66ffc86f38d952786c6d696c79c2dbc239dd4e91b46729d73a27fb57e9,d5df01b31678f6c35c9feecdee6b9ec84ce8dbc983d2f5f21582e4fad6d1433d,9b209a8df4da4b8d1324a72922683c465c740844eef3302799083ed553935116
ad57366865126e55649ecb23ae1d48887544976efea46a48eb5d85a6eeb4d306,441d0f9d83bda47bf7bed634bf4e28e06e565452026f74bbd33a312ead7b4d2c,a5081fc73076c5a428943513612ea2a409547a044186bf1008ae39c96a6c8196,86b129a5693ccf987e47dc3b0387a8f9369f732515fca4c17e1486c3f1a41854,,,,,,,,,,9.869474777667364,,,,,,4b68ab3847feda7d6c62c1fbcbeebfa35eab7351ed5e78f4ddadea5df64b8015,5feceb66ffc86f38d952786c6d696c79c2dbc239dd4e91b46729d73a27fb57e9,29bfd2d001e121044c617d9a7038c79de9372b4509d4df83de13f81a23054428,9b209a8df4da4b8d1324a72922683c465c740844eef3302799083ed553935116
